image_id,condition,path,split,skin_tone,evaluation_label,category,dataset_id,original_condition,acne_type
acne-cystic-118.jpg,Acne,/Users/bhavyagopal/.cache/kagglehub/datasets/haroonalam16/20-skin-diseases-dataset/versions/1/Dataset/train/Acne and Rosacea Photos/acne-cystic-118.jpg,train,,True_Acne_acne-cystic-118.jpg,True Acne,0,Acne,Cystic Acne
acne-cystic-96.jpg,Acne,/Users/bhavyagopal/.cache/kagglehub/datasets/haroonalam16/20-skin-diseases-dataset/versions/1/Dataset/train/Acne and Rosacea Photos/acne-cystic-96.jpg,train,,True_Acne_acne-cystic-96.jpg,True Acne,1,Acne,Cystic Acne
acne-cystic-6.jpg,Acne,/Users/bhavyagopal/.cache/kagglehub/datasets/haroonalam16/20-skin-diseases-dataset/versions/1/Dataset/train/Acne and Rosacea Photos/acne-cystic-6.jpg,train,,True_Acne_acne-cystic-6.jpg,True Acne,2,Acne,Cystic Acne
acne-cystic-150.jpg,Acne,/Users/bhavyagopal/.cache/kagglehub/datasets/haroonalam16/20-skin-diseases-dataset/versions/1/Dataset/train/Acne and Rosacea Photos/acne-cystic-150.jpg,train,,True_Acne_acne-cystic-150.jpg,True Acne,3,Acne,Cystic Acne
acne-cystic-119.jpg,Acne,/Users/bhavyagopal/.cache/kagglehub/datasets/haroonalam16/20-skin-diseases-dataset/versions/1/Dataset/train/Acne and Rosacea Photos/acne-cystic-119.jpg,train,,True_Acne_acne-cystic-119.jpg,True Acne,4,Acne,Cystic Acne
acne-cystic-141.jpg,Acne,/Users/bhavyagopal/.cache/kagglehub/datasets/haroonalam16/20-skin-diseases-dataset/versions/1/Dataset/test/Acne and Rosacea Photos/acne-cystic-141.jpg,test,,True_Acne_acne-cystic-141.jpg,True Acne,5,Acne,Cystic Acne
acne-cystic-4.jpg,Acne,/Users/bhavyagopal/.cache/kagglehub/datasets/haroonalam16/20-skin-diseases-dataset/versions/1/Dataset/train/Acne and Rosacea Photos/acne-cystic-4.jpg,train,,True_Acne_acne-cystic-4.jpg,True Acne,6,Acne,Cystic Acne
acne-cystic-85.jpg,Acne,/Users/bhavyagopal/.cache/kagglehub/datasets/haroonalam16/20-skin-diseases-dataset/versions/1/Dataset/train/Acne and Rosacea Photos/acne-cystic-85.jpg,train,,True_Acne_acne-cystic-85.jpg,True Acne,7,Acne,Cystic Acne
acne-cystic-92.jpg,Acne,/Users/bhavyagopal/.cache/kagglehub/datasets/haroonalam16/20-skin-diseases-dataset/versions/1/Dataset/train/Acne and Rosacea Photos/acne-cystic-92.jpg,train,,True_Acne_acne-cystic-92.jpg,True Acne,8,Acne,Cystic Acne
acne-cystic-151.jpg,Acne,/Users/bhavyagopal/.cache/kagglehub/datasets/haroonalam16/20-skin-diseases-dataset/versions/1/Dataset/train/Acne and Rosacea Photos/acne-cystic-151.jpg,train,,True_Acne_acne-cystic-151.jpg,True Acne,9,Acne,Cystic Acne
acne-cystic-146.jpg,Acne,/Users/bhavyagopal/.cache/kagglehub/datasets/haroonalam16/20-skin-diseases-dataset/versions/1/Dataset/train/Acne and Rosacea Photos/acne-cystic-146.jpg,train,,True_Acne_acne-cystic-146.jpg,True Acne,10,Acne,Cystic Acne
acne-cystic-21.jpg,Acne,/Users/bhavyagopal/.cache/kagglehub/datasets/haroonalam16/20-skin-diseases-dataset/versions/1/Dataset/train/Acne and Rosacea Photos/acne-cystic-21.jpg,train,,True_Acne_acne-cystic-21.jpg,True Acne,11,Acne,Cystic Acne
acne-cystic-33.jpg,Acne,/Users/bhavyagopal/.cache/kagglehub/datasets/haroonalam16/20-skin-diseases-dataset/versions/1/Dataset/test/Acne and Rosacea Photos/acne-cystic-33.jpg,test,,True_Acne_acne-cystic-33.jpg,True Acne,12,Acne,Cystic Acne
acne-cystic-100.jpg,Acne,/Users/bhavyagopal/.cache/kagglehub/datasets/haroonalam16/20-skin-diseases-dataset/versions/1/Dataset/train/Acne and Rosacea Photos/acne-cystic-100.jpg,train,,True_Acne_acne-cystic-100.jpg,True Acne,13,Acne,Cystic Acne
acne-cystic-128.jpg,Acne,/Users/bhavyagopal/.cache/kagglehub/datasets/haroonalam16/20-skin-diseases-dataset/versions/1/Dataset/test/Acne and Rosacea Photos/acne-cystic-128.jpg,test,,True_Acne_acne-cystic-128.jpg,True Acne,14,Acne,Cystic Acne
acne-cystic-109.jpg,Acne,/Users/bhavyagopal/.cache/kagglehub/datasets/haroonalam16/20-skin-diseases-dataset/versions/1/Dataset/train/Acne and Rosacea Photos/acne-cystic-109.jpg,train,,True_Acne_acne-cystic-109.jpg,True Acne,15,Acne,Cystic Acne
acne-cystic-102.jpg,Acne,/Users/bhavyagopal/.cache/kagglehub/datasets/haroonalam16/20-skin-diseases-dataset/versions/1/Dataset/train/Acne and Rosacea Photos/acne-cystic-102.jpg,train,,True_Acne_acne-cystic-102.jpg,True Acne,16,Acne,Cystic Acne
acne-cystic-55.jpg,Acne,/Users/bhavyagopal/.cache/kagglehub/datasets/haroonalam16/20-skin-diseases-dataset/versions/1/Dataset/test/Acne and Rosacea Photos/acne-cystic-55.jpg,test,,True_Acne_acne-cystic-55.jpg,True Acne,17,Acne,Cystic Acne
acne-cystic-99.jpg,Acne,/Users/bhavyagopal/.cache/kagglehub/datasets/haroonalam16/20-skin-diseases-dataset/versions/1/Dataset/train/Acne and Rosacea Photos/acne-cystic-99.jpg,train,,True_Acne_acne-cystic-99.jpg,True Acne,18,Acne,Cystic Acne
acne-cystic-49.jpg,Acne,/Users/bhavyagopal/.cache/kagglehub/datasets/haroonalam16/20-skin-diseases-dataset/versions/1/Dataset/train/Acne and Rosacea Photos/acne-cystic-49.jpg,train,,True_Acne_acne-cystic-49.jpg,True Acne,19,Acne,Cystic Acne
acne-cystic-107.jpg,Acne,/Users/bhavyagopal/.cache/kagglehub/datasets/haroonalam16/20-skin-diseases-dataset/versions/1/Dataset/train/Acne and Rosacea Photos/acne-cystic-107.jpg,train,,True_Acne_acne-cystic-107.jpg,True Acne,20,Acne,Cystic Acne
acne-cystic-122.jpg,Acne,/Users/bhavyagopal/.cache/kagglehub/datasets/haroonalam16/20-skin-diseases-dataset/versions/1/Dataset/test/Acne and Rosacea Photos/acne-cystic-122.jpg,test,,True_Acne_acne-cystic-122.jpg,True Acne,21,Acne,Cystic Acne
acne-cystic-28.jpg,Acne,/Users/bhavyagopal/.cache/kagglehub/datasets/haroonalam16/20-skin-diseases-dataset/versions/1/Dataset/train/Acne and Rosacea Photos/acne-cystic-28.jpg,train,,True_Acne_acne-cystic-28.jpg,True Acne,22,Acne,Cystic Acne
acne-cystic-103.jpg,Acne,/Users/bhavyagopal/.cache/kagglehub/datasets/haroonalam16/20-skin-diseases-dataset/versions/1/Dataset/train/Acne and Rosacea Photos/acne-cystic-103.jpg,train,,True_Acne_acne-cystic-103.jpg,True Acne,23,Acne,Cystic Acne
acne-cystic-108.jpg,Acne,/Users/bhavyagopal/.cache/kagglehub/datasets/haroonalam16/20-skin-diseases-dataset/versions/1/Dataset/train/Acne and Rosacea Photos/acne-cystic-108.jpg,train,,True_Acne_acne-cystic-108.jpg,True Acne,24,Acne,Cystic Acne
acne-cystic-9.jpg,Acne,/Users/bhavyagopal/.cache/kagglehub/datasets/haroonalam16/20-skin-diseases-dataset/versions/1/Dataset/train/Acne and Rosacea Photos/acne-cystic-9.jpg,train,,True_Acne_acne-cystic-9.jpg,True Acne,25,Acne,Cystic Acne
acne-cystic-117.jpg,Acne,/Users/bhavyagopal/.cache/kagglehub/datasets/haroonalam16/20-skin-diseases-dataset/versions/1/Dataset/train/Acne and Rosacea Photos/acne-cystic-117.jpg,train,,True_Acne_acne-cystic-117.jpg,True Acne,26,Acne,Cystic Acne
acne-cystic-106.jpg,Acne,/Users/bhavyagopal/.cache/kagglehub/datasets/haroonalam16/20-skin-diseases-dataset/versions/1/Dataset/train/Acne and Rosacea Photos/acne-cystic-106.jpg,train,,True_Acne_acne-cystic-106.jpg,True Acne,27,Acne,Cystic Acne
acne-cystic-19.jpg,Acne,/Users/bhavyagopal/.cache/kagglehub/datasets/haroonalam16/20-skin-diseases-dataset/versions/1/Dataset/train/Acne and Rosacea Photos/acne-cystic-19.jpg,train,,True_Acne_acne-cystic-19.jpg,True Acne,28,Acne,Cystic Acne
acne-cystic-38.jpg,Acne,/Users/bhavyagopal/.cache/kagglehub/datasets/haroonalam16/20-skin-diseases-dataset/versions/1/Dataset/train/Acne and Rosacea Photos/acne-cystic-38.jpg,train,,True_Acne_acne-cystic-38.jpg,True Acne,29,Acne,Cystic Acne
acne-pustular-55.jpg,Acne,/Users/bhavyagopal/.cache/kagglehub/datasets/haroonalam16/20-skin-diseases-dataset/versions/1/Dataset/test/Acne and Rosacea Photos/acne-pustular-55.jpg,test,,True_Acne_acne-pustular-55.jpg,True Acne,30,Acne,Pustular Acne
acne-pustular-35.jpg,Acne,/Users/bhavyagopal/.cache/kagglehub/datasets/haroonalam16/20-skin-diseases-dataset/versions/1/Dataset/train/Acne and Rosacea Photos/acne-pustular-35.jpg,train,,True_Acne_acne-pustular-35.jpg,True Acne,31,Acne,Pustular Acne
acne-pustular-54.jpg,Acne,/Users/bhavyagopal/.cache/kagglehub/datasets/haroonalam16/20-skin-diseases-dataset/versions/1/Dataset/train/Acne and Rosacea Photos/acne-pustular-54.jpg,train,,True_Acne_acne-pustular-54.jpg,True Acne,32,Acne,Pustular Acne
acne-pustular-6.jpg,Acne,/Users/bhavyagopal/.cache/kagglehub/datasets/haroonalam16/20-skin-diseases-dataset/versions/1/Dataset/train/Acne and Rosacea Photos/acne-pustular-6.jpg,train,,True_Acne_acne-pustular-6.jpg,True Acne,33,Acne,Pustular Acne
acne-pustular-30.jpg,Acne,/Users/bhavyagopal/.cache/kagglehub/datasets/haroonalam16/20-skin-diseases-dataset/versions/1/Dataset/train/Acne and Rosacea Photos/acne-pustular-30.jpg,train,,True_Acne_acne-pustular-30.jpg,True Acne,34,Acne,Pustular Acne
acne-pustular-10.jpg,Acne,/Users/bhavyagopal/.cache/kagglehub/datasets/haroonalam16/20-skin-diseases-dataset/versions/1/Dataset/train/Acne and Rosacea Photos/acne-pustular-10.jpg,train,,True_Acne_acne-pustular-10.jpg,True Acne,35,Acne,Pustular Acne
acne-pustular-26.jpg,Acne,/Users/bhavyagopal/.cache/kagglehub/datasets/haroonalam16/20-skin-diseases-dataset/versions/1/Dataset/train/Acne and Rosacea Photos/acne-pustular-26.jpg,train,,True_Acne_acne-pustular-26.jpg,True Acne,36,Acne,Pustular Acne
acne-pustular-42.jpg,Acne,/Users/bhavyagopal/.cache/kagglehub/datasets/haroonalam16/20-skin-diseases-dataset/versions/1/Dataset/train/Acne and Rosacea Photos/acne-pustular-42.jpg,train,,True_Acne_acne-pustular-42.jpg,True Acne,37,Acne,Pustular Acne
acne-pustular-36.jpg,Acne,/Users/bhavyagopal/.cache/kagglehub/datasets/haroonalam16/20-skin-diseases-dataset/versions/1/Dataset/train/Acne and Rosacea Photos/acne-pustular-36.jpg,train,,True_Acne_acne-pustular-36.jpg,True Acne,38,Acne,Pustular Acne
acne-pustular-38.jpg,Acne,/Users/bhavyagopal/.cache/kagglehub/datasets/haroonalam16/20-skin-diseases-dataset/versions/1/Dataset/train/Acne and Rosacea Photos/acne-pustular-38.jpg,train,,True_Acne_acne-pustular-38.jpg,True Acne,39,Acne,Pustular Acne
acne-pustular-17.jpg,Acne,/Users/bhavyagopal/.cache/kagglehub/datasets/haroonalam16/20-skin-diseases-dataset/versions/1/Dataset/test/Acne and Rosacea Photos/acne-pustular-17.jpg,test,,True_Acne_acne-pustular-17.jpg,True Acne,40,Acne,Pustular Acne
acne-pustular-13.jpg,Acne,/Users/bhavyagopal/.cache/kagglehub/datasets/haroonalam16/20-skin-diseases-dataset/versions/1/Dataset/train/Acne and Rosacea Photos/acne-pustular-13.jpg,train,,True_Acne_acne-pustular-13.jpg,True Acne,41,Acne,Pustular Acne
acne-pustular-72.jpg,Acne,/Users/bhavyagopal/.cache/kagglehub/datasets/haroonalam16/20-skin-diseases-dataset/versions/1/Dataset/train/Acne and Rosacea Photos/acne-pustular-72.jpg,train,,True_Acne_acne-pustular-72.jpg,True Acne,42,Acne,Pustular Acne
acne-pustular-59.jpg,Acne,/Users/bhavyagopal/.cache/kagglehub/datasets/haroonalam16/20-skin-diseases-dataset/versions/1/Dataset/test/Acne and Rosacea Photos/acne-pustular-59.jpg,test,,True_Acne_acne-pustular-59.jpg,True Acne,43,Acne,Pustular Acne
acne-pustular-15.jpg,Acne,/Users/bhavyagopal/.cache/kagglehub/datasets/haroonalam16/20-skin-diseases-dataset/versions/1/Dataset/test/Acne and Rosacea Photos/acne-pustular-15.jpg,test,,True_Acne_acne-pustular-15.jpg,True Acne,44,Acne,Pustular Acne
acne-pustular-12.jpg,Acne,/Users/bhavyagopal/.cache/kagglehub/datasets/haroonalam16/20-skin-diseases-dataset/versions/1/Dataset/train/Acne and Rosacea Photos/acne-pustular-12.jpg,train,,True_Acne_acne-pustular-12.jpg,True Acne,45,Acne,Pustular Acne
acne-pustular-45.jpg,Acne,/Users/bhavyagopal/.cache/kagglehub/datasets/haroonalam16/20-skin-diseases-dataset/versions/1/Dataset/train/Acne and Rosacea Photos/acne-pustular-45.jpg,train,,True_Acne_acne-pustular-45.jpg,True Acne,46,Acne,Pustular Acne
acne-pustular-61.jpg,Acne,/Users/bhavyagopal/.cache/kagglehub/datasets/haroonalam16/20-skin-diseases-dataset/versions/1/Dataset/test/Acne and Rosacea Photos/acne-pustular-61.jpg,test,,True_Acne_acne-pustular-61.jpg,True Acne,47,Acne,Pustular Acne
acne-pustular-67.jpg,Acne,/Users/bhavyagopal/.cache/kagglehub/datasets/haroonalam16/20-skin-diseases-dataset/versions/1/Dataset/train/Acne and Rosacea Photos/acne-pustular-67.jpg,train,,True_Acne_acne-pustular-67.jpg,True Acne,48,Acne,Pustular Acne
acne-pustular-37.jpg,Acne,/Users/bhavyagopal/.cache/kagglehub/datasets/haroonalam16/20-skin-diseases-dataset/versions/1/Dataset/test/Acne and Rosacea Photos/acne-pustular-37.jpg,test,,True_Acne_acne-pustular-37.jpg,True Acne,49,Acne,Pustular Acne
acne-pustular-18.jpg,Acne,/Users/bhavyagopal/.cache/kagglehub/datasets/haroonalam16/20-skin-diseases-dataset/versions/1/Dataset/train/Acne and Rosacea Photos/acne-pustular-18.jpg,train,,True_Acne_acne-pustular-18.jpg,True Acne,50,Acne,Pustular Acne
acne-pustular-44.jpg,Acne,/Users/bhavyagopal/.cache/kagglehub/datasets/haroonalam16/20-skin-diseases-dataset/versions/1/Dataset/train/Acne and Rosacea Photos/acne-pustular-44.jpg,train,,True_Acne_acne-pustular-44.jpg,True Acne,51,Acne,Pustular Acne
acne-pustular-62.jpg,Acne,/Users/bhavyagopal/.cache/kagglehub/datasets/haroonalam16/20-skin-diseases-dataset/versions/1/Dataset/train/Acne and Rosacea Photos/acne-pustular-62.jpg,train,,True_Acne_acne-pustular-62.jpg,True Acne,52,Acne,Pustular Acne
acne-pustular-7.jpg,Acne,/Users/bhavyagopal/.cache/kagglehub/datasets/haroonalam16/20-skin-diseases-dataset/versions/1/Dataset/train/Acne and Rosacea Photos/acne-pustular-7.jpg,train,,True_Acne_acne-pustular-7.jpg,True Acne,53,Acne,Pustular Acne
acne-pustular-32.jpg,Acne,/Users/bhavyagopal/.cache/kagglehub/datasets/haroonalam16/20-skin-diseases-dataset/versions/1/Dataset/train/Acne and Rosacea Photos/acne-pustular-32.jpg,train,,True_Acne_acne-pustular-32.jpg,True Acne,54,Acne,Pustular Acne
acne-open-comedo-24.jpg,Acne,/Users/bhavyagopal/.cache/kagglehub/datasets/haroonalam16/20-skin-diseases-dataset/versions/1/Dataset/train/Acne and Rosacea Photos/acne-open-comedo-24.jpg,train,,True_Acne_acne-open-comedo-24.jpg,True Acne,55,Acne,Open Comedo (Blackhead)
acne-open-comedo-53.jpg,Acne,/Users/bhavyagopal/.cache/kagglehub/datasets/haroonalam16/20-skin-diseases-dataset/versions/1/Dataset/train/Acne and Rosacea Photos/acne-open-comedo-53.jpg,train,,True_Acne_acne-open-comedo-53.jpg,True Acne,56,Acne,Open Comedo (Blackhead)
acne-open-comedo-9.jpg,Acne,/Users/bhavyagopal/.cache/kagglehub/datasets/haroonalam16/20-skin-diseases-dataset/versions/1/Dataset/train/Acne and Rosacea Photos/acne-open-comedo-9.jpg,train,,True_Acne_acne-open-comedo-9.jpg,True Acne,57,Acne,Open Comedo (Blackhead)
acne-open-comedo-57.jpg,Acne,/Users/bhavyagopal/.cache/kagglehub/datasets/haroonalam16/20-skin-diseases-dataset/versions/1/Dataset/test/Acne and Rosacea Photos/acne-open-comedo-57.jpg,test,,True_Acne_acne-open-comedo-57.jpg,True Acne,58,Acne,Open Comedo (Blackhead)
acne-open-comedo-3.jpg,Acne,/Users/bhavyagopal/.cache/kagglehub/datasets/haroonalam16/20-skin-diseases-dataset/versions/1/Dataset/train/Acne and Rosacea Photos/acne-open-comedo-3.jpg,train,,True_Acne_acne-open-comedo-3.jpg,True Acne,59,Acne,Open Comedo (Blackhead)
acne-open-comedo-35.jpg,Acne,/Users/bhavyagopal/.cache/kagglehub/datasets/haroonalam16/20-skin-diseases-dataset/versions/1/Dataset/train/Acne and Rosacea Photos/acne-open-comedo-35.jpg,train,,True_Acne_acne-open-comedo-35.jpg,True Acne,60,Acne,Open Comedo (Blackhead)
acne-open-comedo-30.jpg,Acne,/Users/bhavyagopal/.cache/kagglehub/datasets/haroonalam16/20-skin-diseases-dataset/versions/1/Dataset/train/Acne and Rosacea Photos/acne-open-comedo-30.jpg,train,,True_Acne_acne-open-comedo-30.jpg,True Acne,61,Acne,Open Comedo (Blackhead)
acne-open-comedo-71.jpg,Acne,/Users/bhavyagopal/.cache/kagglehub/datasets/haroonalam16/20-skin-diseases-dataset/versions/1/Dataset/train/Acne and Rosacea Photos/acne-open-comedo-71.jpg,train,,True_Acne_acne-open-comedo-71.jpg,True Acne,62,Acne,Open Comedo (Blackhead)
acne-open-comedo-1.jpg,Acne,/Users/bhavyagopal/.cache/kagglehub/datasets/haroonalam16/20-skin-diseases-dataset/versions/1/Dataset/train/Acne and Rosacea Photos/acne-open-comedo-1.jpg,train,,True_Acne_acne-open-comedo-1.jpg,True Acne,63,Acne,Open Comedo (Blackhead)
acne-open-comedo-28.jpg,Acne,/Users/bhavyagopal/.cache/kagglehub/datasets/haroonalam16/20-skin-diseases-dataset/versions/1/Dataset/train/Acne and Rosacea Photos/acne-open-comedo-28.jpg,train,,True_Acne_acne-open-comedo-28.jpg,True Acne,64,Acne,Open Comedo (Blackhead)
acne-open-comedo-17.jpg,Acne,/Users/bhavyagopal/.cache/kagglehub/datasets/haroonalam16/20-skin-diseases-dataset/versions/1/Dataset/test/Acne and Rosacea Photos/acne-open-comedo-17.jpg,test,,True_Acne_acne-open-comedo-17.jpg,True Acne,65,Acne,Open Comedo (Blackhead)
acne-open-comedo-25.jpg,Acne,/Users/bhavyagopal/.cache/kagglehub/datasets/haroonalam16/20-skin-diseases-dataset/versions/1/Dataset/train/Acne and Rosacea Photos/acne-open-comedo-25.jpg,train,,True_Acne_acne-open-comedo-25.jpg,True Acne,66,Acne,Open Comedo (Blackhead)
acne-open-comedo-61.jpg,Acne,/Users/bhavyagopal/.cache/kagglehub/datasets/haroonalam16/20-skin-diseases-dataset/versions/1/Dataset/train/Acne and Rosacea Photos/acne-open-comedo-61.jpg,train,,True_Acne_acne-open-comedo-61.jpg,True Acne,67,Acne,Open Comedo (Blackhead)
acne-open-comedo-48.jpg,Acne,/Users/bhavyagopal/.cache/kagglehub/datasets/haroonalam16/20-skin-diseases-dataset/versions/1/Dataset/test/Acne and Rosacea Photos/acne-open-comedo-48.jpg,test,,True_Acne_acne-open-comedo-48.jpg,True Acne,68,Acne,Open Comedo (Blackhead)
acne-open-comedo-51.jpg,Acne,/Users/bhavyagopal/.cache/kagglehub/datasets/haroonalam16/20-skin-diseases-dataset/versions/1/Dataset/train/Acne and Rosacea Photos/acne-open-comedo-51.jpg,train,,True_Acne_acne-open-comedo-51.jpg,True Acne,69,Acne,Open Comedo (Blackhead)
acne-open-comedo-42.jpg,Acne,/Users/bhavyagopal/.cache/kagglehub/datasets/haroonalam16/20-skin-diseases-dataset/versions/1/Dataset/train/Acne and Rosacea Photos/acne-open-comedo-42.jpg,train,,True_Acne_acne-open-comedo-42.jpg,True Acne,70,Acne,Open Comedo (Blackhead)
acne-open-comedo-46.jpg,Acne,/Users/bhavyagopal/.cache/kagglehub/datasets/haroonalam16/20-skin-diseases-dataset/versions/1/Dataset/train/Acne and Rosacea Photos/acne-open-comedo-46.jpg,train,,True_Acne_acne-open-comedo-46.jpg,True Acne,71,Acne,Open Comedo (Blackhead)
acne-open-comedo-37.jpg,Acne,/Users/bhavyagopal/.cache/kagglehub/datasets/haroonalam16/20-skin-diseases-dataset/versions/1/Dataset/train/Acne and Rosacea Photos/acne-open-comedo-37.jpg,train,,True_Acne_acne-open-comedo-37.jpg,True Acne,72,Acne,Open Comedo (Blackhead)
acne-open-comedo-38.jpg,Acne,/Users/bhavyagopal/.cache/kagglehub/datasets/haroonalam16/20-skin-diseases-dataset/versions/1/Dataset/train/Acne and Rosacea Photos/acne-open-comedo-38.jpg,train,,True_Acne_acne-open-comedo-38.jpg,True Acne,73,Acne,Open Comedo (Blackhead)
acne-open-comedo-58.jpg,Acne,/Users/bhavyagopal/.cache/kagglehub/datasets/haroonalam16/20-skin-diseases-dataset/versions/1/Dataset/train/Acne and Rosacea Photos/acne-open-comedo-58.jpg,train,,True_Acne_acne-open-comedo-58.jpg,True Acne,74,Acne,Open Comedo (Blackhead)
acne-closed-comedo-13.jpg,Acne,/Users/bhavyagopal/.cache/kagglehub/datasets/haroonalam16/20-skin-diseases-dataset/versions/1/Dataset/train/Acne and Rosacea Photos/acne-closed-comedo-13.jpg,train,,True_Acne_acne-closed-comedo-13.jpg,True Acne,75,Acne,Closed Comedo (Whitehead)
acne-closed-comedo-39.jpg,Acne,/Users/bhavyagopal/.cache/kagglehub/datasets/haroonalam16/20-skin-diseases-dataset/versions/1/Dataset/train/Acne and Rosacea Photos/acne-closed-comedo-39.jpg,train,,True_Acne_acne-closed-comedo-39.jpg,True Acne,76,Acne,Closed Comedo (Whitehead)
acne-closed-comedo-21.jpg,Acne,/Users/bhavyagopal/.cache/kagglehub/datasets/haroonalam16/20-skin-diseases-dataset/versions/1/Dataset/train/Acne and Rosacea Photos/acne-closed-comedo-21.jpg,train,,True_Acne_acne-closed-comedo-21.jpg,True Acne,77,Acne,Closed Comedo (Whitehead)
acne-closed-comedo-17.jpg,Acne,/Users/bhavyagopal/.cache/kagglehub/datasets/haroonalam16/20-skin-diseases-dataset/versions/1/Dataset/train/Acne and Rosacea Photos/acne-closed-comedo-17.jpg,train,,True_Acne_acne-closed-comedo-17.jpg,True Acne,78,Acne,Closed Comedo (Whitehead)
acne-closed-comedo-22.jpg,Acne,/Users/bhavyagopal/.cache/kagglehub/datasets/haroonalam16/20-skin-diseases-dataset/versions/1/Dataset/train/Acne and Rosacea Photos/acne-closed-comedo-22.jpg,train,,True_Acne_acne-closed-comedo-22.jpg,True Acne,79,Acne,Closed Comedo (Whitehead)
acne-closed-comedo-36.jpg,Acne,/Users/bhavyagopal/.cache/kagglehub/datasets/haroonalam16/20-skin-diseases-dataset/versions/1/Dataset/test/Acne and Rosacea Photos/acne-closed-comedo-36.jpg,test,,True_Acne_acne-closed-comedo-36.jpg,True Acne,80,Acne,Closed Comedo (Whitehead)
acne-closed-comedo-20.jpg,Acne,/Users/bhavyagopal/.cache/kagglehub/datasets/haroonalam16/20-skin-diseases-dataset/versions/1/Dataset/train/Acne and Rosacea Photos/acne-closed-comedo-20.jpg,train,,True_Acne_acne-closed-comedo-20.jpg,True Acne,81,Acne,Closed Comedo (Whitehead)
acne-closed-comedo-4.jpg,Acne,/Users/bhavyagopal/.cache/kagglehub/datasets/haroonalam16/20-skin-diseases-dataset/versions/1/Dataset/train/Acne and Rosacea Photos/acne-closed-comedo-4.jpg,train,,True_Acne_acne-closed-comedo-4.jpg,True Acne,82,Acne,Closed Comedo (Whitehead)
acne-closed-comedo-16.jpg,Acne,/Users/bhavyagopal/.cache/kagglehub/datasets/haroonalam16/20-skin-diseases-dataset/versions/1/Dataset/test/Acne and Rosacea Photos/acne-closed-comedo-16.jpg,test,,True_Acne_acne-closed-comedo-16.jpg,True Acne,83,Acne,Closed Comedo (Whitehead)
acne-closed-comedo-16.jpg,Acne,/Users/bhavyagopal/.cache/kagglehub/datasets/haroonalam16/20-skin-diseases-dataset/versions/1/Dataset/train/Acne and Rosacea Photos/acne-closed-comedo-16.jpg,train,,True_Acne_acne-closed-comedo-16.jpg,True Acne,84,Acne,Closed Comedo (Whitehead)
acne-closed-comedo-26.jpg,Acne,/Users/bhavyagopal/.cache/kagglehub/datasets/haroonalam16/20-skin-diseases-dataset/versions/1/Dataset/test/Acne and Rosacea Photos/acne-closed-comedo-26.jpg,test,,True_Acne_acne-closed-comedo-26.jpg,True Acne,85,Acne,Closed Comedo (Whitehead)
acne-closed-comedo-10.jpg,Acne,/Users/bhavyagopal/.cache/kagglehub/datasets/haroonalam16/20-skin-diseases-dataset/versions/1/Dataset/train/Acne and Rosacea Photos/acne-closed-comedo-10.jpg,train,,True_Acne_acne-closed-comedo-10.jpg,True Acne,86,Acne,Closed Comedo (Whitehead)
acne-closed-comedo-15.jpg,Acne,/Users/bhavyagopal/.cache/kagglehub/datasets/haroonalam16/20-skin-diseases-dataset/versions/1/Dataset/test/Acne and Rosacea Photos/acne-closed-comedo-15.jpg,test,,True_Acne_acne-closed-comedo-15.jpg,True Acne,87,Acne,Closed Comedo (Whitehead)
acne-closed-comedo-5.jpg,Acne,/Users/bhavyagopal/.cache/kagglehub/datasets/haroonalam16/20-skin-diseases-dataset/versions/1/Dataset/train/Acne and Rosacea Photos/acne-closed-comedo-5.jpg,train,,True_Acne_acne-closed-comedo-5.jpg,True Acne,88,Acne,Closed Comedo (Whitehead)
acne-closed-comedo-29.jpg,Acne,/Users/bhavyagopal/.cache/kagglehub/datasets/haroonalam16/20-skin-diseases-dataset/versions/1/Dataset/train/Acne and Rosacea Photos/acne-closed-comedo-29.jpg,train,,True_Acne_acne-closed-comedo-29.jpg,True Acne,89,Acne,Closed Comedo (Whitehead)
acne-scar-3.jpg,Acne,/Users/bhavyagopal/.cache/kagglehub/datasets/haroonalam16/20-skin-diseases-dataset/versions/1/Dataset/train/Acne and Rosacea Photos/acne-scar-3.jpg,train,,True_Acne_acne-scar-3.jpg,True Acne,90,Acne,General Acne
acne-infantile-4.jpg,Acne,/Users/bhavyagopal/.cache/kagglehub/datasets/haroonalam16/20-skin-diseases-dataset/versions/1/Dataset/train/Acne and Rosacea Photos/acne-infantile-4.jpg,train,,True_Acne_acne-infantile-4.jpg,True Acne,91,Acne,General Acne
acne-scar-5.jpg,Acne,/Users/bhavyagopal/.cache/kagglehub/datasets/haroonalam16/20-skin-diseases-dataset/versions/1/Dataset/train/Acne and Rosacea Photos/acne-scar-5.jpg,train,,True_Acne_acne-scar-5.jpg,True Acne,92,Acne,General Acne
acne-infantile-8.jpg,Acne,/Users/bhavyagopal/.cache/kagglehub/datasets/haroonalam16/20-skin-diseases-dataset/versions/1/Dataset/train/Acne and Rosacea Photos/acne-infantile-8.jpg,train,,True_Acne_acne-infantile-8.jpg,True Acne,93,Acne,General Acne
acne-scar-2.jpg,Acne,/Users/bhavyagopal/.cache/kagglehub/datasets/haroonalam16/20-skin-diseases-dataset/versions/1/Dataset/train/Acne and Rosacea Photos/acne-scar-2.jpg,train,,True_Acne_acne-scar-2.jpg,True Acne,94,Acne,General Acne
07VascularFace0120.jpg,Acne,/Users/bhavyagopal/.cache/kagglehub/datasets/haroonalam16/20-skin-diseases-dataset/versions/1/Dataset/train/Acne and Rosacea Photos/07VascularFace0120.jpg,train,,True_Acne_07VascularFace0120.jpg,True Acne,95,Acne,General Acne
07PerlecheAccutane.jpg,Acne,/Users/bhavyagopal/.cache/kagglehub/datasets/haroonalam16/20-skin-diseases-dataset/versions/1/Dataset/train/Acne and Rosacea Photos/07PerlecheAccutane.jpg,train,,True_Acne_07PerlecheAccutane.jpg,True Acne,96,Acne,General Acne
acne-infantile-15.jpg,Acne,/Users/bhavyagopal/.cache/kagglehub/datasets/haroonalam16/20-skin-diseases-dataset/versions/1/Dataset/train/Acne and Rosacea Photos/acne-infantile-15.jpg,train,,True_Acne_acne-infantile-15.jpg,True Acne,97,Acne,General Acne
fordyce-spots-3.jpg,Acne,/Users/bhavyagopal/.cache/kagglehub/datasets/haroonalam16/20-skin-diseases-dataset/versions/1/Dataset/train/Acne and Rosacea Photos/fordyce-spots-3.jpg,train,,True_Acne_fordyce-spots-3.jpg,True Acne,98,Acne,General Acne
acne-infantile-11.jpg,Acne,/Users/bhavyagopal/.cache/kagglehub/datasets/haroonalam16/20-skin-diseases-dataset/versions/1/Dataset/train/Acne and Rosacea Photos/acne-infantile-11.jpg,train,,True_Acne_acne-infantile-11.jpg,True Acne,99,Acne,General Acne
rosacea-65.jpg,Acne,/Users/bhavyagopal/.cache/kagglehub/datasets/haroonalam16/20-skin-diseases-dataset/versions/1/Dataset/train/Acne and Rosacea Photos/rosacea-65.jpg,train,,Acne_like_Rosacea,Acne-like/Confusable,100,Acne,Rosacea
rosacea-23.jpg,Acne,/Users/bhavyagopal/.cache/kagglehub/datasets/haroonalam16/20-skin-diseases-dataset/versions/1/Dataset/train/Acne and Rosacea Photos/rosacea-23.jpg,train,,Acne_like_Rosacea,Acne-like/Confusable,101,Acne,Rosacea
rosacea-74.jpg,Acne,/Users/bhavyagopal/.cache/kagglehub/datasets/haroonalam16/20-skin-diseases-dataset/versions/1/Dataset/train/Acne and Rosacea Photos/rosacea-74.jpg,train,,Acne_like_Rosacea,Acne-like/Confusable,102,Acne,Rosacea
rosacea-nose-28.jpg,Acne,/Users/bhavyagopal/.cache/kagglehub/datasets/haroonalam16/20-skin-diseases-dataset/versions/1/Dataset/train/Acne and Rosacea Photos/rosacea-nose-28.jpg,train,,Acne_like_Rosacea,Acne-like/Confusable,103,Acne,Rosacea
rosacea-nose-24.jpg,Acne,/Users/bhavyagopal/.cache/kagglehub/datasets/haroonalam16/20-skin-diseases-dataset/versions/1/Dataset/train/Acne and Rosacea Photos/rosacea-nose-24.jpg,train,,Acne_like_Rosacea,Acne-like/Confusable,104,Acne,Rosacea
rosacea-nose-66.jpg,Acne,/Users/bhavyagopal/.cache/kagglehub/datasets/haroonalam16/20-skin-diseases-dataset/versions/1/Dataset/test/Acne and Rosacea Photos/rosacea-nose-66.jpg,test,,Acne_like_Rosacea,Acne-like/Confusable,105,Acne,Rosacea
rosacea-114.jpg,Acne,/Users/bhavyagopal/.cache/kagglehub/datasets/haroonalam16/20-skin-diseases-dataset/versions/1/Dataset/test/Acne and Rosacea Photos/rosacea-114.jpg,test,,Acne_like_Rosacea,Acne-like/Confusable,106,Acne,Rosacea
rosacea-steroid-8.jpg,Acne,/Users/bhavyagopal/.cache/kagglehub/datasets/haroonalam16/20-skin-diseases-dataset/versions/1/Dataset/test/Acne and Rosacea Photos/rosacea-steroid-8.jpg,test,,Acne_like_Rosacea,Acne-like/Confusable,107,Acne,Rosacea
rosacea-21.jpg,Acne,/Users/bhavyagopal/.cache/kagglehub/datasets/haroonalam16/20-skin-diseases-dataset/versions/1/Dataset/train/Acne and Rosacea Photos/rosacea-21.jpg,train,,Acne_like_Rosacea,Acne-like/Confusable,108,Acne,Rosacea
rosacea-61.jpg,Acne,/Users/bhavyagopal/.cache/kagglehub/datasets/haroonalam16/20-skin-diseases-dataset/versions/1/Dataset/train/Acne and Rosacea Photos/rosacea-61.jpg,train,,Acne_like_Rosacea,Acne-like/Confusable,109,Acne,Rosacea
rosacea-nose-10.jpg,Acne,/Users/bhavyagopal/.cache/kagglehub/datasets/haroonalam16/20-skin-diseases-dataset/versions/1/Dataset/test/Acne and Rosacea Photos/rosacea-nose-10.jpg,test,,Acne_like_Rosacea,Acne-like/Confusable,110,Acne,Rosacea
rosacea-nose-33.jpg,Acne,/Users/bhavyagopal/.cache/kagglehub/datasets/haroonalam16/20-skin-diseases-dataset/versions/1/Dataset/test/Acne and Rosacea Photos/rosacea-nose-33.jpg,test,,Acne_like_Rosacea,Acne-like/Confusable,111,Acne,Rosacea
rosacea-47.jpg,Acne,/Users/bhavyagopal/.cache/kagglehub/datasets/haroonalam16/20-skin-diseases-dataset/versions/1/Dataset/test/Acne and Rosacea Photos/rosacea-47.jpg,test,,Acne_like_Rosacea,Acne-like/Confusable,112,Acne,Rosacea
rosacea-nose-45.jpg,Acne,/Users/bhavyagopal/.cache/kagglehub/datasets/haroonalam16/20-skin-diseases-dataset/versions/1/Dataset/test/Acne and Rosacea Photos/rosacea-nose-45.jpg,test,,Acne_like_Rosacea,Acne-like/Confusable,113,Acne,Rosacea
rosacea-111.jpg,Acne,/Users/bhavyagopal/.cache/kagglehub/datasets/haroonalam16/20-skin-diseases-dataset/versions/1/Dataset/train/Acne and Rosacea Photos/rosacea-111.jpg,train,,Acne_like_Rosacea,Acne-like/Confusable,114,Acne,Rosacea
rosacea-76.jpg,Acne,/Users/bhavyagopal/.cache/kagglehub/datasets/haroonalam16/20-skin-diseases-dataset/versions/1/Dataset/test/Acne and Rosacea Photos/rosacea-76.jpg,test,,Acne_like_Rosacea,Acne-like/Confusable,115,Acne,Rosacea
rosacea-103.jpg,Acne,/Users/bhavyagopal/.cache/kagglehub/datasets/haroonalam16/20-skin-diseases-dataset/versions/1/Dataset/test/Acne and Rosacea Photos/rosacea-103.jpg,test,,Acne_like_Rosacea,Acne-like/Confusable,116,Acne,Rosacea
rosacea-nose-63.jpg,Acne,/Users/bhavyagopal/.cache/kagglehub/datasets/haroonalam16/20-skin-diseases-dataset/versions/1/Dataset/train/Acne and Rosacea Photos/rosacea-nose-63.jpg,train,,Acne_like_Rosacea,Acne-like/Confusable,117,Acne,Rosacea
rosacea-15.jpg,Acne,/Users/bhavyagopal/.cache/kagglehub/datasets/haroonalam16/20-skin-diseases-dataset/versions/1/Dataset/train/Acne and Rosacea Photos/rosacea-15.jpg,train,,Acne_like_Rosacea,Acne-like/Confusable,118,Acne,Rosacea
rosacea-33.jpg,Acne,/Users/bhavyagopal/.cache/kagglehub/datasets/haroonalam16/20-skin-diseases-dataset/versions/1/Dataset/train/Acne and Rosacea Photos/rosacea-33.jpg,train,,Acne_like_Rosacea,Acne-like/Confusable,119,Acne,Rosacea
rosacea-10.jpg,Acne,/Users/bhavyagopal/.cache/kagglehub/datasets/haroonalam16/20-skin-diseases-dataset/versions/1/Dataset/test/Acne and Rosacea Photos/rosacea-10.jpg,test,,Acne_like_Rosacea,Acne-like/Confusable,120,Acne,Rosacea
rosacea-31.jpg,Acne,/Users/bhavyagopal/.cache/kagglehub/datasets/haroonalam16/20-skin-diseases-dataset/versions/1/Dataset/train/Acne and Rosacea Photos/rosacea-31.jpg,train,,Acne_like_Rosacea,Acne-like/Confusable,121,Acne,Rosacea
rosacea-108.jpg,Acne,/Users/bhavyagopal/.cache/kagglehub/datasets/haroonalam16/20-skin-diseases-dataset/versions/1/Dataset/train/Acne and Rosacea Photos/rosacea-108.jpg,train,,Acne_like_Rosacea,Acne-like/Confusable,122,Acne,Rosacea
rosacea-105.jpg,Acne,/Users/bhavyagopal/.cache/kagglehub/datasets/haroonalam16/20-skin-diseases-dataset/versions/1/Dataset/train/Acne and Rosacea Photos/rosacea-105.jpg,train,,Acne_like_Rosacea,Acne-like/Confusable,123,Acne,Rosacea
rosacea-steroid-3.jpg,Acne,/Users/bhavyagopal/.cache/kagglehub/datasets/haroonalam16/20-skin-diseases-dataset/versions/1/Dataset/train/Acne and Rosacea Photos/rosacea-steroid-3.jpg,train,,Acne_like_Rosacea,Acne-like/Confusable,124,Acne,Rosacea
rosacea-nose-11.jpg,Acne,/Users/bhavyagopal/.cache/kagglehub/datasets/haroonalam16/20-skin-diseases-dataset/versions/1/Dataset/train/Acne and Rosacea Photos/rosacea-nose-11.jpg,train,,Acne_like_Rosacea,Acne-like/Confusable,125,Acne,Rosacea
rosacea-94.jpg,Acne,/Users/bhavyagopal/.cache/kagglehub/datasets/haroonalam16/20-skin-diseases-dataset/versions/1/Dataset/train/Acne and Rosacea Photos/rosacea-94.jpg,train,,Acne_like_Rosacea,Acne-like/Confusable,126,Acne,Rosacea
rosacea-20.jpg,Acne,/Users/bhavyagopal/.cache/kagglehub/datasets/haroonalam16/20-skin-diseases-dataset/versions/1/Dataset/train/Acne and Rosacea Photos/rosacea-20.jpg,train,,Acne_like_Rosacea,Acne-like/Confusable,127,Acne,Rosacea
rosacea-55.jpg,Acne,/Users/bhavyagopal/.cache/kagglehub/datasets/haroonalam16/20-skin-diseases-dataset/versions/1/Dataset/train/Acne and Rosacea Photos/rosacea-55.jpg,train,,Acne_like_Rosacea,Acne-like/Confusable,128,Acne,Rosacea
07rosacea010206OK.jpg,Acne,/Users/bhavyagopal/.cache/kagglehub/datasets/haroonalam16/20-skin-diseases-dataset/versions/1/Dataset/train/Acne and Rosacea Photos/07rosacea010206OK.jpg,train,,Acne_like_Rosacea,Acne-like/Confusable,129,Acne,Rosacea
perioral-dermatitis-15.jpg,Acne,/Users/bhavyagopal/.cache/kagglehub/datasets/haroonalam16/20-skin-diseases-dataset/versions/1/Dataset/train/Acne and Rosacea Photos/perioral-dermatitis-15.jpg,train,,Acne_like_Perioral_Dermatitis,Acne-like/Confusable,130,Acne,Perioral Dermatitis
perioral-dermatitis-117.jpg,Acne,/Users/bhavyagopal/.cache/kagglehub/datasets/haroonalam16/20-skin-diseases-dataset/versions/1/Dataset/train/Acne and Rosacea Photos/perioral-dermatitis-117.jpg,train,,Acne_like_Perioral_Dermatitis,Acne-like/Confusable,131,Acne,Perioral Dermatitis
perioral-dermatitis-9.jpg,Acne,/Users/bhavyagopal/.cache/kagglehub/datasets/haroonalam16/20-skin-diseases-dataset/versions/1/Dataset/test/Acne and Rosacea Photos/perioral-dermatitis-9.jpg,test,,Acne_like_Perioral_Dermatitis,Acne-like/Confusable,132,Acne,Perioral Dermatitis
perioral-dermatitis-1.jpg,Acne,/Users/bhavyagopal/.cache/kagglehub/datasets/haroonalam16/20-skin-diseases-dataset/versions/1/Dataset/train/Acne and Rosacea Photos/perioral-dermatitis-1.jpg,train,,Acne_like_Perioral_Dermatitis,Acne-like/Confusable,133,Acne,Perioral Dermatitis
perioral-dermatitis-139.jpg,Acne,/Users/bhavyagopal/.cache/kagglehub/datasets/haroonalam16/20-skin-diseases-dataset/versions/1/Dataset/train/Acne and Rosacea Photos/perioral-dermatitis-139.jpg,train,,Acne_like_Perioral_Dermatitis,Acne-like/Confusable,134,Acne,Perioral Dermatitis
perioral-dermatitis-137.jpg,Acne,/Users/bhavyagopal/.cache/kagglehub/datasets/haroonalam16/20-skin-diseases-dataset/versions/1/Dataset/train/Acne and Rosacea Photos/perioral-dermatitis-137.jpg,train,,Acne_like_Perioral_Dermatitis,Acne-like/Confusable,135,Acne,Perioral Dermatitis
perioral-dermatitis-100.jpg,Acne,/Users/bhavyagopal/.cache/kagglehub/datasets/haroonalam16/20-skin-diseases-dataset/versions/1/Dataset/train/Acne and Rosacea Photos/perioral-dermatitis-100.jpg,train,,Acne_like_Perioral_Dermatitis,Acne-like/Confusable,136,Acne,Perioral Dermatitis
perioral-dermatitis-51.jpg,Acne,/Users/bhavyagopal/.cache/kagglehub/datasets/haroonalam16/20-skin-diseases-dataset/versions/1/Dataset/train/Acne and Rosacea Photos/perioral-dermatitis-51.jpg,train,,Acne_like_Perioral_Dermatitis,Acne-like/Confusable,137,Acne,Perioral Dermatitis
perioral-dermatitis-114.jpg,Acne,/Users/bhavyagopal/.cache/kagglehub/datasets/haroonalam16/20-skin-diseases-dataset/versions/1/Dataset/train/Acne and Rosacea Photos/perioral-dermatitis-114.jpg,train,,Acne_like_Perioral_Dermatitis,Acne-like/Confusable,138,Acne,Perioral Dermatitis
perioral-dermatitis-59.jpg,Acne,/Users/bhavyagopal/.cache/kagglehub/datasets/haroonalam16/20-skin-diseases-dataset/versions/1/Dataset/test/Acne and Rosacea Photos/perioral-dermatitis-59.jpg,test,,Acne_like_Perioral_Dermatitis,Acne-like/Confusable,139,Acne,Perioral Dermatitis
perioral-dermatitis-120.jpg,Acne,/Users/bhavyagopal/.cache/kagglehub/datasets/haroonalam16/20-skin-diseases-dataset/versions/1/Dataset/train/Acne and Rosacea Photos/perioral-dermatitis-120.jpg,train,,Acne_like_Perioral_Dermatitis,Acne-like/Confusable,140,Acne,Perioral Dermatitis
perioral-dermatitis-39.jpg,Acne,/Users/bhavyagopal/.cache/kagglehub/datasets/haroonalam16/20-skin-diseases-dataset/versions/1/Dataset/train/Acne and Rosacea Photos/perioral-dermatitis-39.jpg,train,,Acne_like_Perioral_Dermatitis,Acne-like/Confusable,141,Acne,Perioral Dermatitis
perioral-dermatitis-26.jpg,Acne,/Users/bhavyagopal/.cache/kagglehub/datasets/haroonalam16/20-skin-diseases-dataset/versions/1/Dataset/train/Acne and Rosacea Photos/perioral-dermatitis-26.jpg,train,,Acne_like_Perioral_Dermatitis,Acne-like/Confusable,142,Acne,Perioral Dermatitis
perioral-dermatitis-140.jpg,Acne,/Users/bhavyagopal/.cache/kagglehub/datasets/haroonalam16/20-skin-diseases-dataset/versions/1/Dataset/train/Acne and Rosacea Photos/perioral-dermatitis-140.jpg,train,,Acne_like_Perioral_Dermatitis,Acne-like/Confusable,143,Acne,Perioral Dermatitis
perioral-dermatitis-37.jpg,Acne,/Users/bhavyagopal/.cache/kagglehub/datasets/haroonalam16/20-skin-diseases-dataset/versions/1/Dataset/train/Acne and Rosacea Photos/perioral-dermatitis-37.jpg,train,,Acne_like_Perioral_Dermatitis,Acne-like/Confusable,144,Acne,Perioral Dermatitis
perioral-dermatitis-123.jpg,Acne,/Users/bhavyagopal/.cache/kagglehub/datasets/haroonalam16/20-skin-diseases-dataset/versions/1/Dataset/train/Acne and Rosacea Photos/perioral-dermatitis-123.jpg,train,,Acne_like_Perioral_Dermatitis,Acne-like/Confusable,145,Acne,Perioral Dermatitis
perioral-dermatitis-90.jpg,Acne,/Users/bhavyagopal/.cache/kagglehub/datasets/haroonalam16/20-skin-diseases-dataset/versions/1/Dataset/test/Acne and Rosacea Photos/perioral-dermatitis-90.jpg,test,,Acne_like_Perioral_Dermatitis,Acne-like/Confusable,146,Acne,Perioral Dermatitis
perioral-dermatitis-106.jpg,Acne,/Users/bhavyagopal/.cache/kagglehub/datasets/haroonalam16/20-skin-diseases-dataset/versions/1/Dataset/test/Acne and Rosacea Photos/perioral-dermatitis-106.jpg,test,,Acne_like_Perioral_Dermatitis,Acne-like/Confusable,147,Acne,Perioral Dermatitis
perioral-dermatitis-16.jpg,Acne,/Users/bhavyagopal/.cache/kagglehub/datasets/haroonalam16/20-skin-diseases-dataset/versions/1/Dataset/train/Acne and Rosacea Photos/perioral-dermatitis-16.jpg,train,,Acne_like_Perioral_Dermatitis,Acne-like/Confusable,148,Acne,Perioral Dermatitis
perioral-dermatitis-130.jpg,Acne,/Users/bhavyagopal/.cache/kagglehub/datasets/haroonalam16/20-skin-diseases-dataset/versions/1/Dataset/train/Acne and Rosacea Photos/perioral-dermatitis-130.jpg,train,,Acne_like_Perioral_Dermatitis,Acne-like/Confusable,149,Acne,Perioral Dermatitis
7IMG003.jpg,Atopic Dermatitis,/Users/bhavyagopal/.cache/kagglehub/datasets/haroonalam16/20-skin-diseases-dataset/versions/1/Dataset/train/Atopic Dermatitis Photos/7IMG003.jpg,train,,Inflammatory_Atopic Dermatitis,Inflammatory/Similar,150,Atopic Dermatitis,
05KeratosisPilaris051004.jpg,Atopic Dermatitis,/Users/bhavyagopal/.cache/kagglehub/datasets/haroonalam16/20-skin-diseases-dataset/versions/1/Dataset/train/Atopic Dermatitis Photos/05KeratosisPilaris051004.jpg,train,,Inflammatory_Atopic Dermatitis,Inflammatory/Similar,151,Atopic Dermatitis,
14IMG002.jpg,Atopic Dermatitis,/Users/bhavyagopal/.cache/kagglehub/datasets/haroonalam16/20-skin-diseases-dataset/versions/1/Dataset/train/Atopic Dermatitis Photos/14IMG002.jpg,train,,Inflammatory_Atopic Dermatitis,Inflammatory/Similar,152,Atopic Dermatitis,
05atopicFace1003052.jpg,Atopic Dermatitis,/Users/bhavyagopal/.cache/kagglehub/datasets/haroonalam16/20-skin-diseases-dataset/versions/1/Dataset/train/Atopic Dermatitis Photos/05atopicFace1003052.jpg,train,,Inflammatory_Atopic Dermatitis,Inflammatory/Similar,153,Atopic Dermatitis,
14IMG014.jpg,Atopic Dermatitis,/Users/bhavyagopal/.cache/kagglehub/datasets/haroonalam16/20-skin-diseases-dataset/versions/1/Dataset/train/Atopic Dermatitis Photos/14IMG014.jpg,train,,Inflammatory_Atopic Dermatitis,Inflammatory/Similar,154,Atopic Dermatitis,
05AtopicFace14.jpg,Atopic Dermatitis,/Users/bhavyagopal/.cache/kagglehub/datasets/haroonalam16/20-skin-diseases-dataset/versions/1/Dataset/train/Atopic Dermatitis Photos/05AtopicFace14.jpg,train,,Inflammatory_Atopic Dermatitis,Inflammatory/Similar,155,Atopic Dermatitis,
3IMG017.jpg,Atopic Dermatitis,/Users/bhavyagopal/.cache/kagglehub/datasets/haroonalam16/20-skin-diseases-dataset/versions/1/Dataset/train/Atopic Dermatitis Photos/3IMG017.jpg,train,,Inflammatory_Atopic Dermatitis,Inflammatory/Similar,156,Atopic Dermatitis,
05atopicFace012405.jpg,Atopic Dermatitis,/Users/bhavyagopal/.cache/kagglehub/datasets/haroonalam16/20-skin-diseases-dataset/versions/1/Dataset/test/Atopic Dermatitis Photos/05atopicFace012405.jpg,test,,Inflammatory_Atopic Dermatitis,Inflammatory/Similar,157,Atopic Dermatitis,
9IMG013.jpg,Atopic Dermatitis,/Users/bhavyagopal/.cache/kagglehub/datasets/haroonalam16/20-skin-diseases-dataset/versions/1/Dataset/test/Atopic Dermatitis Photos/9IMG013.jpg,test,,Inflammatory_Atopic Dermatitis,Inflammatory/Similar,158,Atopic Dermatitis,
7IMG007.jpg,Atopic Dermatitis,/Users/bhavyagopal/.cache/kagglehub/datasets/haroonalam16/20-skin-diseases-dataset/versions/1/Dataset/train/Atopic Dermatitis Photos/7IMG007.jpg,train,,Inflammatory_Atopic Dermatitis,Inflammatory/Similar,159,Atopic Dermatitis,
05atopicFace040306.jpg,Atopic Dermatitis,/Users/bhavyagopal/.cache/kagglehub/datasets/haroonalam16/20-skin-diseases-dataset/versions/1/Dataset/train/Atopic Dermatitis Photos/05atopicFace040306.jpg,train,,Inflammatory_Atopic Dermatitis,Inflammatory/Similar,160,Atopic Dermatitis,
7IMG004.jpg,Atopic Dermatitis,/Users/bhavyagopal/.cache/kagglehub/datasets/haroonalam16/20-skin-diseases-dataset/versions/1/Dataset/test/Atopic Dermatitis Photos/7IMG004.jpg,test,,Inflammatory_Atopic Dermatitis,Inflammatory/Similar,161,Atopic Dermatitis,
12IMG004.jpg,Atopic Dermatitis,/Users/bhavyagopal/.cache/kagglehub/datasets/haroonalam16/20-skin-diseases-dataset/versions/1/Dataset/train/Atopic Dermatitis Photos/12IMG004.jpg,train,,Inflammatory_Atopic Dermatitis,Inflammatory/Similar,162,Atopic Dermatitis,
9IMG015.jpg,Atopic Dermatitis,/Users/bhavyagopal/.cache/kagglehub/datasets/haroonalam16/20-skin-diseases-dataset/versions/1/Dataset/train/Atopic Dermatitis Photos/9IMG015.jpg,train,,Inflammatory_Atopic Dermatitis,Inflammatory/Similar,163,Atopic Dermatitis,
13IMG012.jpg,Atopic Dermatitis,/Users/bhavyagopal/.cache/kagglehub/datasets/haroonalam16/20-skin-diseases-dataset/versions/1/Dataset/train/Atopic Dermatitis Photos/13IMG012.jpg,train,,Inflammatory_Atopic Dermatitis,Inflammatory/Similar,164,Atopic Dermatitis,
05keratosisPilaris0321051.jpg,Atopic Dermatitis,/Users/bhavyagopal/.cache/kagglehub/datasets/haroonalam16/20-skin-diseases-dataset/versions/1/Dataset/train/Atopic Dermatitis Photos/05keratosisPilaris0321051.jpg,train,,Inflammatory_Atopic Dermatitis,Inflammatory/Similar,165,Atopic Dermatitis,
5T-0006.jpg,Atopic Dermatitis,/Users/bhavyagopal/.cache/kagglehub/datasets/haroonalam16/20-skin-diseases-dataset/versions/1/Dataset/train/Atopic Dermatitis Photos/5T-0006.jpg,train,,Inflammatory_Atopic Dermatitis,Inflammatory/Similar,166,Atopic Dermatitis,
05atopicFlid080105.jpg,Atopic Dermatitis,/Users/bhavyagopal/.cache/kagglehub/datasets/haroonalam16/20-skin-diseases-dataset/versions/1/Dataset/test/Atopic Dermatitis Photos/05atopicFlid080105.jpg,test,,Inflammatory_Atopic Dermatitis,Inflammatory/Similar,167,Atopic Dermatitis,
05KeratosisPilaris0510044.jpg,Atopic Dermatitis,/Users/bhavyagopal/.cache/kagglehub/datasets/haroonalam16/20-skin-diseases-dataset/versions/1/Dataset/train/Atopic Dermatitis Photos/05KeratosisPilaris0510044.jpg,train,,Inflammatory_Atopic Dermatitis,Inflammatory/Similar,168,Atopic Dermatitis,
05keratosisPilaris0207051.jpg,Atopic Dermatitis,/Users/bhavyagopal/.cache/kagglehub/datasets/haroonalam16/20-skin-diseases-dataset/versions/1/Dataset/test/Atopic Dermatitis Photos/05keratosisPilaris0207051.jpg,test,,Inflammatory_Atopic Dermatitis,Inflammatory/Similar,169,Atopic Dermatitis,
05KeratosisPilaris.jpg,Atopic Dermatitis,/Users/bhavyagopal/.cache/kagglehub/datasets/haroonalam16/20-skin-diseases-dataset/versions/1/Dataset/train/Atopic Dermatitis Photos/05KeratosisPilaris.jpg,train,,Inflammatory_Atopic Dermatitis,Inflammatory/Similar,170,Atopic Dermatitis,
10IMG002.jpg,Atopic Dermatitis,/Users/bhavyagopal/.cache/kagglehub/datasets/haroonalam16/20-skin-diseases-dataset/versions/1/Dataset/train/Atopic Dermatitis Photos/10IMG002.jpg,train,,Inflammatory_Atopic Dermatitis,Inflammatory/Similar,171,Atopic Dermatitis,
05Atopic010203.jpg,Atopic Dermatitis,/Users/bhavyagopal/.cache/kagglehub/datasets/haroonalam16/20-skin-diseases-dataset/versions/1/Dataset/train/Atopic Dermatitis Photos/05Atopic010203.jpg,train,,Inflammatory_Atopic Dermatitis,Inflammatory/Similar,172,Atopic Dermatitis,
05atopicDerm040405ok1.jpg,Atopic Dermatitis,/Users/bhavyagopal/.cache/kagglehub/datasets/haroonalam16/20-skin-diseases-dataset/versions/1/Dataset/train/Atopic Dermatitis Photos/05atopicDerm040405ok1.jpg,train,,Inflammatory_Atopic Dermatitis,Inflammatory/Similar,173,Atopic Dermatitis,
05atopicInfection67-GP3.jpg,Atopic Dermatitis,/Users/bhavyagopal/.cache/kagglehub/datasets/haroonalam16/20-skin-diseases-dataset/versions/1/Dataset/train/Atopic Dermatitis Photos/05atopicInfection67-GP3.jpg,train,,Inflammatory_Atopic Dermatitis,Inflammatory/Similar,174,Atopic Dermatitis,
eczema-lids-7.jpg,Eczema,/Users/bhavyagopal/.cache/kagglehub/datasets/haroonalam16/20-skin-diseases-dataset/versions/1/Dataset/train/Eczema Photos/eczema-lids-7.jpg,train,,Inflammatory_Eczema,Inflammatory/Similar,175,Eczema,
eczema-lids-3.jpg,Eczema,/Users/bhavyagopal/.cache/kagglehub/datasets/haroonalam16/20-skin-diseases-dataset/versions/1/Dataset/train/Eczema Photos/eczema-lids-3.jpg,train,,Inflammatory_Eczema,Inflammatory/Similar,176,Eczema,
eczema-acute-22.jpg,Eczema,/Users/bhavyagopal/.cache/kagglehub/datasets/haroonalam16/20-skin-diseases-dataset/versions/1/Dataset/train/Eczema Photos/eczema-acute-22.jpg,train,,Inflammatory_Eczema,Inflammatory/Similar,177,Eczema,
eczema-ears-5.jpg,Eczema,/Users/bhavyagopal/.cache/kagglehub/datasets/haroonalam16/20-skin-diseases-dataset/versions/1/Dataset/train/Eczema Photos/eczema-ears-5.jpg,train,,Inflammatory_Eczema,Inflammatory/Similar,178,Eczema,
03DermatitisLids1.jpg,Eczema,/Users/bhavyagopal/.cache/kagglehub/datasets/haroonalam16/20-skin-diseases-dataset/versions/1/Dataset/test/Eczema Photos/03DermatitisLids1.jpg,test,,Inflammatory_Eczema,Inflammatory/Similar,179,Eczema,
eczema-face-11.jpg,Eczema,/Users/bhavyagopal/.cache/kagglehub/datasets/haroonalam16/20-skin-diseases-dataset/versions/1/Dataset/train/Eczema Photos/eczema-face-11.jpg,train,,Inflammatory_Eczema,Inflammatory/Similar,180,Eczema,
eczema-face-5.jpg,Eczema,/Users/bhavyagopal/.cache/kagglehub/datasets/haroonalam16/20-skin-diseases-dataset/versions/1/Dataset/train/Eczema Photos/eczema-face-5.jpg,train,,Inflammatory_Eczema,Inflammatory/Similar,181,Eczema,
03DermatitisLids.jpg,Eczema,/Users/bhavyagopal/.cache/kagglehub/datasets/haroonalam16/20-skin-diseases-dataset/versions/1/Dataset/train/Eczema Photos/03DermatitisLids.jpg,train,,Inflammatory_Eczema,Inflammatory/Similar,182,Eczema,
eczema-face-10.jpg,Eczema,/Users/bhavyagopal/.cache/kagglehub/datasets/haroonalam16/20-skin-diseases-dataset/versions/1/Dataset/train/Eczema Photos/eczema-face-10.jpg,train,,Inflammatory_Eczema,Inflammatory/Similar,183,Eczema,
eczema-lids-6.jpg,Eczema,/Users/bhavyagopal/.cache/kagglehub/datasets/haroonalam16/20-skin-diseases-dataset/versions/1/Dataset/train/Eczema Photos/eczema-lids-6.jpg,train,,Inflammatory_Eczema,Inflammatory/Similar,184,Eczema,
eczema-face-7.jpg,Eczema,/Users/bhavyagopal/.cache/kagglehub/datasets/haroonalam16/20-skin-diseases-dataset/versions/1/Dataset/train/Eczema Photos/eczema-face-7.jpg,train,,Inflammatory_Eczema,Inflammatory/Similar,185,Eczema,
eczema-lids-2.jpg,Eczema,/Users/bhavyagopal/.cache/kagglehub/datasets/haroonalam16/20-skin-diseases-dataset/versions/1/Dataset/train/Eczema Photos/eczema-lids-2.jpg,train,,Inflammatory_Eczema,Inflammatory/Similar,186,Eczema,
03eczema091205.jpg,Eczema,/Users/bhavyagopal/.cache/kagglehub/datasets/haroonalam16/20-skin-diseases-dataset/versions/1/Dataset/train/Eczema Photos/03eczema091205.jpg,train,,Inflammatory_Eczema,Inflammatory/Similar,187,Eczema,
03ContactDermLids1.jpg,Eczema,/Users/bhavyagopal/.cache/kagglehub/datasets/haroonalam16/20-skin-diseases-dataset/versions/1/Dataset/train/Eczema Photos/03ContactDermLids1.jpg,train,,Inflammatory_Eczema,Inflammatory/Similar,188,Eczema,
eczema-face-6.jpg,Eczema,/Users/bhavyagopal/.cache/kagglehub/datasets/haroonalam16/20-skin-diseases-dataset/versions/1/Dataset/train/Eczema Photos/eczema-face-6.jpg,train,,Inflammatory_Eczema,Inflammatory/Similar,189,Eczema,
eczema-lids-4.jpg,Eczema,/Users/bhavyagopal/.cache/kagglehub/datasets/haroonalam16/20-skin-diseases-dataset/versions/1/Dataset/train/Eczema Photos/eczema-lids-4.jpg,train,,Inflammatory_Eczema,Inflammatory/Similar,190,Eczema,
eczema-face-2.jpg,Eczema,/Users/bhavyagopal/.cache/kagglehub/datasets/haroonalam16/20-skin-diseases-dataset/versions/1/Dataset/train/Eczema Photos/eczema-face-2.jpg,train,,Inflammatory_Eczema,Inflammatory/Similar,191,Eczema,
eczema-face-9.jpg,Eczema,/Users/bhavyagopal/.cache/kagglehub/datasets/haroonalam16/20-skin-diseases-dataset/versions/1/Dataset/train/Eczema Photos/eczema-face-9.jpg,train,,Inflammatory_Eczema,Inflammatory/Similar,192,Eczema,
eczema-face-4.jpg,Eczema,/Users/bhavyagopal/.cache/kagglehub/datasets/haroonalam16/20-skin-diseases-dataset/versions/1/Dataset/train/Eczema Photos/eczema-face-4.jpg,train,,Inflammatory_Eczema,Inflammatory/Similar,193,Eczema,
eczema-lids-1.jpg,Eczema,/Users/bhavyagopal/.cache/kagglehub/datasets/haroonalam16/20-skin-diseases-dataset/versions/1/Dataset/train/Eczema Photos/eczema-lids-1.jpg,train,,Inflammatory_Eczema,Inflammatory/Similar,194,Eczema,
seborrheic-dermatitis-82.jpg,Psoriasis,/Users/bhavyagopal/.cache/kagglehub/datasets/haroonalam16/20-skin-diseases-dataset/versions/1/Dataset/test/Psoriasis pictures Lichen Planus and related diseases/seborrheic-dermatitis-82.jpg,test,,Inflammatory_Psoriasis,Inflammatory/Similar,195,Psoriasis,
seborrheic-dermatitis-12.jpg,Psoriasis,/Users/bhavyagopal/.cache/kagglehub/datasets/haroonalam16/20-skin-diseases-dataset/versions/1/Dataset/train/Psoriasis pictures Lichen Planus and related diseases/seborrheic-dermatitis-12.jpg,train,,Inflammatory_Psoriasis,Inflammatory/Similar,196,Psoriasis,
seborrheic-dermatitis-117.jpg,Psoriasis,/Users/bhavyagopal/.cache/kagglehub/datasets/haroonalam16/20-skin-diseases-dataset/versions/1/Dataset/test/Psoriasis pictures Lichen Planus and related diseases/seborrheic-dermatitis-117.jpg,test,,Inflammatory_Psoriasis,Inflammatory/Similar,197,Psoriasis,
seborrheic-dermatitis-88.jpg,Psoriasis,/Users/bhavyagopal/.cache/kagglehub/datasets/haroonalam16/20-skin-diseases-dataset/versions/1/Dataset/train/Psoriasis pictures Lichen Planus and related diseases/seborrheic-dermatitis-88.jpg,train,,Inflammatory_Psoriasis,Inflammatory/Similar,198,Psoriasis,
seborrheic-dermatitis-111.jpg,Psoriasis,/Users/bhavyagopal/.cache/kagglehub/datasets/haroonalam16/20-skin-diseases-dataset/versions/1/Dataset/train/Psoriasis pictures Lichen Planus and related diseases/seborrheic-dermatitis-111.jpg,train,,Inflammatory_Psoriasis,Inflammatory/Similar,199,Psoriasis,
seborrheic-dermatitis-142.jpg,Psoriasis,/Users/bhavyagopal/.cache/kagglehub/datasets/haroonalam16/20-skin-diseases-dataset/versions/1/Dataset/train/Psoriasis pictures Lichen Planus and related diseases/seborrheic-dermatitis-142.jpg,train,,Inflammatory_Psoriasis,Inflammatory/Similar,200,Psoriasis,
seborrheic-dermatitis-8.jpg,Psoriasis,/Users/bhavyagopal/.cache/kagglehub/datasets/haroonalam16/20-skin-diseases-dataset/versions/1/Dataset/train/Psoriasis pictures Lichen Planus and related diseases/seborrheic-dermatitis-8.jpg,train,,Inflammatory_Psoriasis,Inflammatory/Similar,201,Psoriasis,
pityriasis-rubra-pilaris-50.jpg,Psoriasis,/Users/bhavyagopal/.cache/kagglehub/datasets/haroonalam16/20-skin-diseases-dataset/versions/1/Dataset/train/Psoriasis pictures Lichen Planus and related diseases/pityriasis-rubra-pilaris-50.jpg,train,,Inflammatory_Psoriasis,Inflammatory/Similar,202,Psoriasis,
seborrheic-dermatitis-14.jpg,Psoriasis,/Users/bhavyagopal/.cache/kagglehub/datasets/haroonalam16/20-skin-diseases-dataset/versions/1/Dataset/train/Psoriasis pictures Lichen Planus and related diseases/seborrheic-dermatitis-14.jpg,train,,Inflammatory_Psoriasis,Inflammatory/Similar,203,Psoriasis,
08sebKerm1122046.jpg,Psoriasis,/Users/bhavyagopal/.cache/kagglehub/datasets/haroonalam16/20-skin-diseases-dataset/versions/1/Dataset/test/Psoriasis pictures Lichen Planus and related diseases/08sebKerm1122046.jpg,test,,Inflammatory_Psoriasis,Inflammatory/Similar,204,Psoriasis,
seborrheic-dermatitis-140.jpg,Psoriasis,/Users/bhavyagopal/.cache/kagglehub/datasets/haroonalam16/20-skin-diseases-dataset/versions/1/Dataset/train/Psoriasis pictures Lichen Planus and related diseases/seborrheic-dermatitis-140.jpg,train,,Inflammatory_Psoriasis,Inflammatory/Similar,205,Psoriasis,
seborrheic-dermatitis-9.jpg,Psoriasis,/Users/bhavyagopal/.cache/kagglehub/datasets/haroonalam16/20-skin-diseases-dataset/versions/1/Dataset/test/Psoriasis pictures Lichen Planus and related diseases/seborrheic-dermatitis-9.jpg,test,,Inflammatory_Psoriasis,Inflammatory/Similar,206,Psoriasis,
seborrheic-dermatitis-145.jpg,Psoriasis,/Users/bhavyagopal/.cache/kagglehub/datasets/haroonalam16/20-skin-diseases-dataset/versions/1/Dataset/train/Psoriasis pictures Lichen Planus and related diseases/seborrheic-dermatitis-145.jpg,train,,Inflammatory_Psoriasis,Inflammatory/Similar,207,Psoriasis,
seborrheic-dermatitis-87.jpg,Psoriasis,/Users/bhavyagopal/.cache/kagglehub/datasets/haroonalam16/20-skin-diseases-dataset/versions/1/Dataset/test/Psoriasis pictures Lichen Planus and related diseases/seborrheic-dermatitis-87.jpg,test,,Inflammatory_Psoriasis,Inflammatory/Similar,208,Psoriasis,
seborrheic-dermatitis-11.jpg,Psoriasis,/Users/bhavyagopal/.cache/kagglehub/datasets/haroonalam16/20-skin-diseases-dataset/versions/1/Dataset/test/Psoriasis pictures Lichen Planus and related diseases/seborrheic-dermatitis-11.jpg,test,,Inflammatory_Psoriasis,Inflammatory/Similar,209,Psoriasis,
allergic-contact-dermatitis-173.jpg,Poison Ivy,/Users/bhavyagopal/.cache/kagglehub/datasets/haroonalam16/20-skin-diseases-dataset/versions/1/Dataset/train/Poison Ivy Photos and other Contact Dermatitis/allergic-contact-dermatitis-173.jpg,train,,Inflammatory_Poison Ivy,Inflammatory/Similar,210,Poison Ivy,
allergic-contact-dermatitis-165.jpg,Poison Ivy,/Users/bhavyagopal/.cache/kagglehub/datasets/haroonalam16/20-skin-diseases-dataset/versions/1/Dataset/test/Poison Ivy Photos and other Contact Dermatitis/allergic-contact-dermatitis-165.jpg,test,,Inflammatory_Poison Ivy,Inflammatory/Similar,211,Poison Ivy,
allergic-contact-dermatitis-103.jpg,Poison Ivy,/Users/bhavyagopal/.cache/kagglehub/datasets/haroonalam16/20-skin-diseases-dataset/versions/1/Dataset/train/Poison Ivy Photos and other Contact Dermatitis/allergic-contact-dermatitis-103.jpg,train,,Inflammatory_Poison Ivy,Inflammatory/Similar,212,Poison Ivy,
allergic-contact-dermatitis-149.jpg,Poison Ivy,/Users/bhavyagopal/.cache/kagglehub/datasets/haroonalam16/20-skin-diseases-dataset/versions/1/Dataset/train/Poison Ivy Photos and other Contact Dermatitis/allergic-contact-dermatitis-149.jpg,train,,Inflammatory_Poison Ivy,Inflammatory/Similar,213,Poison Ivy,
allergic-contact-dermatitis-30.jpg,Poison Ivy,/Users/bhavyagopal/.cache/kagglehub/datasets/haroonalam16/20-skin-diseases-dataset/versions/1/Dataset/train/Poison Ivy Photos and other Contact Dermatitis/allergic-contact-dermatitis-30.jpg,train,,Inflammatory_Poison Ivy,Inflammatory/Similar,214,Poison Ivy,
allergic-contact-dermatitis-150.jpg,Poison Ivy,/Users/bhavyagopal/.cache/kagglehub/datasets/haroonalam16/20-skin-diseases-dataset/versions/1/Dataset/train/Poison Ivy Photos and other Contact Dermatitis/allergic-contact-dermatitis-150.jpg,train,,Inflammatory_Poison Ivy,Inflammatory/Similar,215,Poison Ivy,
rhus-dermatitis-33.jpg,Poison Ivy,/Users/bhavyagopal/.cache/kagglehub/datasets/haroonalam16/20-skin-diseases-dataset/versions/1/Dataset/train/Poison Ivy Photos and other Contact Dermatitis/rhus-dermatitis-33.jpg,train,,Inflammatory_Poison Ivy,Inflammatory/Similar,216,Poison Ivy,
allergic-contact-dermatitis-129.jpg,Poison Ivy,/Users/bhavyagopal/.cache/kagglehub/datasets/haroonalam16/20-skin-diseases-dataset/versions/1/Dataset/train/Poison Ivy Photos and other Contact Dermatitis/allergic-contact-dermatitis-129.jpg,train,,Inflammatory_Poison Ivy,Inflammatory/Similar,217,Poison Ivy,
allergic-contact-dermatitis-25.jpg,Poison Ivy,/Users/bhavyagopal/.cache/kagglehub/datasets/haroonalam16/20-skin-diseases-dataset/versions/1/Dataset/test/Poison Ivy Photos and other Contact Dermatitis/allergic-contact-dermatitis-25.jpg,test,,Inflammatory_Poison Ivy,Inflammatory/Similar,218,Poison Ivy,
allergic-contact-dermatitis-116.jpg,Poison Ivy,/Users/bhavyagopal/.cache/kagglehub/datasets/haroonalam16/20-skin-diseases-dataset/versions/1/Dataset/test/Poison Ivy Photos and other Contact Dermatitis/allergic-contact-dermatitis-116.jpg,test,,Inflammatory_Poison Ivy,Inflammatory/Similar,219,Poison Ivy,
Sycosis-Barbae-10.jpg,Cellulitis,/Users/bhavyagopal/.cache/kagglehub/datasets/haroonalam16/20-skin-diseases-dataset/versions/1/Dataset/train/Cellulitis Impetigo and other Bacterial Infections/Sycosis-Barbae-10.jpg,train,,Infection_Cellulitis,Infection,220,Cellulitis,
Sycosis-Barbae-1.jpg,Cellulitis,/Users/bhavyagopal/.cache/kagglehub/datasets/haroonalam16/20-skin-diseases-dataset/versions/1/Dataset/train/Cellulitis Impetigo and other Bacterial Infections/Sycosis-Barbae-1.jpg,train,,Infection_Cellulitis,Infection,221,Cellulitis,
Lupus-vulgaris-1.jpg,Cellulitis,/Users/bhavyagopal/.cache/kagglehub/datasets/haroonalam16/20-skin-diseases-dataset/versions/1/Dataset/train/Cellulitis Impetigo and other Bacterial Infections/Lupus-vulgaris-1.jpg,train,,Infection_Cellulitis,Infection,222,Cellulitis,
Staphylococcal-Folliculitis-27.jpg,Cellulitis,/Users/bhavyagopal/.cache/kagglehub/datasets/haroonalam16/20-skin-diseases-dataset/versions/1/Dataset/train/Cellulitis Impetigo and other Bacterial Infections/Staphylococcal-Folliculitis-27.jpg,train,,Infection_Cellulitis,Infection,223,Cellulitis,
Sycosis-Barbae-18.jpg,Cellulitis,/Users/bhavyagopal/.cache/kagglehub/datasets/haroonalam16/20-skin-diseases-dataset/versions/1/Dataset/train/Cellulitis Impetigo and other Bacterial Infections/Sycosis-Barbae-18.jpg,train,,Infection_Cellulitis,Infection,224,Cellulitis,
Leprosy-1.jpg,Cellulitis,/Users/bhavyagopal/.cache/kagglehub/datasets/haroonalam16/20-skin-diseases-dataset/versions/1/Dataset/train/Cellulitis Impetigo and other Bacterial Infections/Leprosy-1.jpg,train,,Infection_Cellulitis,Infection,225,Cellulitis,
Sycosis-Barbae-6.jpg,Cellulitis,/Users/bhavyagopal/.cache/kagglehub/datasets/haroonalam16/20-skin-diseases-dataset/versions/1/Dataset/train/Cellulitis Impetigo and other Bacterial Infections/Sycosis-Barbae-6.jpg,train,,Infection_Cellulitis,Infection,226,Cellulitis,
09EczemaStaph020217.jpg,Cellulitis,/Users/bhavyagopal/.cache/kagglehub/datasets/haroonalam16/20-skin-diseases-dataset/versions/1/Dataset/test/Cellulitis Impetigo and other Bacterial Infections/09EczemaStaph020217.jpg,test,,Infection_Cellulitis,Infection,227,Cellulitis,
Sycosis-Barbae-3.jpg,Cellulitis,/Users/bhavyagopal/.cache/kagglehub/datasets/haroonalam16/20-skin-diseases-dataset/versions/1/Dataset/train/Cellulitis Impetigo and other Bacterial Infections/Sycosis-Barbae-3.jpg,train,,Infection_Cellulitis,Infection,228,Cellulitis,
impetigo-5.jpg,Cellulitis,/Users/bhavyagopal/.cache/kagglehub/datasets/haroonalam16/20-skin-diseases-dataset/versions/1/Dataset/train/Cellulitis Impetigo and other Bacterial Infections/impetigo-5.jpg,train,,Infection_Cellulitis,Infection,229,Cellulitis,
Folliculitis-7.jpg,Cellulitis,/Users/bhavyagopal/.cache/kagglehub/datasets/haroonalam16/20-skin-diseases-dataset/versions/1/Dataset/train/Cellulitis Impetigo and other Bacterial Infections/Folliculitis-7.jpg,train,,Infection_Cellulitis,Infection,230,Cellulitis,
impetigo-33.jpg,Cellulitis,/Users/bhavyagopal/.cache/kagglehub/datasets/haroonalam16/20-skin-diseases-dataset/versions/1/Dataset/train/Cellulitis Impetigo and other Bacterial Infections/impetigo-33.jpg,train,,Infection_Cellulitis,Infection,231,Cellulitis,
impetigo-61.jpg,Cellulitis,/Users/bhavyagopal/.cache/kagglehub/datasets/haroonalam16/20-skin-diseases-dataset/versions/1/Dataset/test/Cellulitis Impetigo and other Bacterial Infections/impetigo-61.jpg,test,,Infection_Cellulitis,Infection,232,Cellulitis,
Sycosis-Barbae-13.jpg,Cellulitis,/Users/bhavyagopal/.cache/kagglehub/datasets/haroonalam16/20-skin-diseases-dataset/versions/1/Dataset/train/Cellulitis Impetigo and other Bacterial Infections/Sycosis-Barbae-13.jpg,train,,Infection_Cellulitis,Infection,233,Cellulitis,
Staphylococcal-Folliculitis-28.jpg,Cellulitis,/Users/bhavyagopal/.cache/kagglehub/datasets/haroonalam16/20-skin-diseases-dataset/versions/1/Dataset/test/Cellulitis Impetigo and other Bacterial Infections/Staphylococcal-Folliculitis-28.jpg,test,,Infection_Cellulitis,Infection,234,Cellulitis,
tinea-face-48.jpg,Ringworm,/Users/bhavyagopal/.cache/kagglehub/datasets/haroonalam16/20-skin-diseases-dataset/versions/1/Dataset/test/Tinea Ringworm Candidiasis and other Fungal Infections/tinea-face-48.jpg,test,,Infection_Ringworm,Infection,235,Ringworm,
perleche-53.jpg,Ringworm,/Users/bhavyagopal/.cache/kagglehub/datasets/haroonalam16/20-skin-diseases-dataset/versions/1/Dataset/train/Tinea Ringworm Candidiasis and other Fungal Infections/perleche-53.jpg,train,,Infection_Ringworm,Infection,236,Ringworm,
tinea-incognito-17.jpg,Ringworm,/Users/bhavyagopal/.cache/kagglehub/datasets/haroonalam16/20-skin-diseases-dataset/versions/1/Dataset/test/Tinea Ringworm Candidiasis and other Fungal Infections/tinea-incognito-17.jpg,test,,Infection_Ringworm,Infection,237,Ringworm,
perleche-6.jpg,Ringworm,/Users/bhavyagopal/.cache/kagglehub/datasets/haroonalam16/20-skin-diseases-dataset/versions/1/Dataset/train/Tinea Ringworm Candidiasis and other Fungal Infections/perleche-6.jpg,train,,Infection_Ringworm,Infection,238,Ringworm,
perleche-54.jpg,Ringworm,/Users/bhavyagopal/.cache/kagglehub/datasets/haroonalam16/20-skin-diseases-dataset/versions/1/Dataset/train/Tinea Ringworm Candidiasis and other Fungal Infections/perleche-54.jpg,train,,Infection_Ringworm,Infection,239,Ringworm,
13TineaAcute.jpg,Ringworm,/Users/bhavyagopal/.cache/kagglehub/datasets/haroonalam16/20-skin-diseases-dataset/versions/1/Dataset/train/Tinea Ringworm Candidiasis and other Fungal Infections/13TineaAcute.jpg,train,,Infection_Ringworm,Infection,240,Ringworm,
perleche-788.jpg,Ringworm,/Users/bhavyagopal/.cache/kagglehub/datasets/haroonalam16/20-skin-diseases-dataset/versions/1/Dataset/test/Tinea Ringworm Candidiasis and other Fungal Infections/perleche-788.jpg,test,,Infection_Ringworm,Infection,241,Ringworm,
perleche-37.jpg,Ringworm,/Users/bhavyagopal/.cache/kagglehub/datasets/haroonalam16/20-skin-diseases-dataset/versions/1/Dataset/train/Tinea Ringworm Candidiasis and other Fungal Infections/perleche-37.jpg,train,,Infection_Ringworm,Infection,242,Ringworm,
tinea-face-24.jpg,Ringworm,/Users/bhavyagopal/.cache/kagglehub/datasets/haroonalam16/20-skin-diseases-dataset/versions/1/Dataset/train/Tinea Ringworm Candidiasis and other Fungal Infections/tinea-face-24.jpg,train,,Infection_Ringworm,Infection,243,Ringworm,
perleche-34.jpg,Ringworm,/Users/bhavyagopal/.cache/kagglehub/datasets/haroonalam16/20-skin-diseases-dataset/versions/1/Dataset/test/Tinea Ringworm Candidiasis and other Fungal Infections/perleche-34.jpg,test,,Infection_Ringworm,Infection,244,Ringworm,
molluscum-contagiosum-99.jpg,Herpes HPV,/Users/bhavyagopal/.cache/kagglehub/datasets/haroonalam16/20-skin-diseases-dataset/versions/1/Dataset/train/Herpes HPV and other STDs Photos/molluscum-contagiosum-99.jpg,train,,Infection_Herpes HPV,Infection,245,Herpes HPV,
molluscum-contagiosum-140.jpg,Herpes HPV,/Users/bhavyagopal/.cache/kagglehub/datasets/haroonalam16/20-skin-diseases-dataset/versions/1/Dataset/train/Herpes HPV and other STDs Photos/molluscum-contagiosum-140.jpg,train,,Infection_Herpes HPV,Infection,246,Herpes HPV,
molluscum-contagiosum-141.jpg,Herpes HPV,/Users/bhavyagopal/.cache/kagglehub/datasets/haroonalam16/20-skin-diseases-dataset/versions/1/Dataset/train/Herpes HPV and other STDs Photos/molluscum-contagiosum-141.jpg,train,,Infection_Herpes HPV,Infection,247,Herpes HPV,
molluscum-contagiosum-135.jpg,Herpes HPV,/Users/bhavyagopal/.cache/kagglehub/datasets/haroonalam16/20-skin-diseases-dataset/versions/1/Dataset/test/Herpes HPV and other STDs Photos/molluscum-contagiosum-135.jpg,test,,Infection_Herpes HPV,Infection,248,Herpes HPV,
AIDS-43.jpg,Herpes HPV,/Users/bhavyagopal/.cache/kagglehub/datasets/haroonalam16/20-skin-diseases-dataset/versions/1/Dataset/train/Herpes HPV and other STDs Photos/AIDS-43.jpg,train,,Infection_Herpes HPV,Infection,249,Herpes HPV,
atypical-nevi-10.jpg,Melanoma,/Users/bhavyagopal/.cache/kagglehub/datasets/haroonalam16/20-skin-diseases-dataset/versions/1/Dataset/test/Melanoma Skin Cancer Nevi and Moles/atypical-nevi-10.jpg,test,,Serious_Melanoma,Serious,250,Melanoma,
melanotic-macule-9.jpg,Melanoma,/Users/bhavyagopal/.cache/kagglehub/datasets/haroonalam16/20-skin-diseases-dataset/versions/1/Dataset/train/Melanoma Skin Cancer Nevi and Moles/melanotic-macule-9.jpg,train,,Serious_Melanoma,Serious,251,Melanoma,
malignant-melanoma-90.jpg,Melanoma,/Users/bhavyagopal/.cache/kagglehub/datasets/haroonalam16/20-skin-diseases-dataset/versions/1/Dataset/train/Melanoma Skin Cancer Nevi and Moles/malignant-melanoma-90.jpg,train,,Serious_Melanoma,Serious,252,Melanoma,
melanocytic-nevi-98.jpg,Melanoma,/Users/bhavyagopal/.cache/kagglehub/datasets/haroonalam16/20-skin-diseases-dataset/versions/1/Dataset/train/Melanoma Skin Cancer Nevi and Moles/melanocytic-nevi-98.jpg,train,,Serious_Melanoma,Serious,253,Melanoma,
lentigo-maligna-25.jpg,Melanoma,/Users/bhavyagopal/.cache/kagglehub/datasets/haroonalam16/20-skin-diseases-dataset/versions/1/Dataset/train/Melanoma Skin Cancer Nevi and Moles/lentigo-maligna-25.jpg,train,,Serious_Melanoma,Serious,254,Melanoma,
melanotic-macule-11.jpg,Melanoma,/Users/bhavyagopal/.cache/kagglehub/datasets/haroonalam16/20-skin-diseases-dataset/versions/1/Dataset/train/Melanoma Skin Cancer Nevi and Moles/melanotic-macule-11.jpg,train,,Serious_Melanoma,Serious,255,Melanoma,
lentigo-maligna-8.jpg,Melanoma,/Users/bhavyagopal/.cache/kagglehub/datasets/haroonalam16/20-skin-diseases-dataset/versions/1/Dataset/train/Melanoma Skin Cancer Nevi and Moles/lentigo-maligna-8.jpg,train,,Serious_Melanoma,Serious,256,Melanoma,
blue-nevus-5.jpg,Melanoma,/Users/bhavyagopal/.cache/kagglehub/datasets/haroonalam16/20-skin-diseases-dataset/versions/1/Dataset/train/Melanoma Skin Cancer Nevi and Moles/blue-nevus-5.jpg,train,,Serious_Melanoma,Serious,257,Melanoma,
lentigo-maligna-16.jpg,Melanoma,/Users/bhavyagopal/.cache/kagglehub/datasets/haroonalam16/20-skin-diseases-dataset/versions/1/Dataset/test/Melanoma Skin Cancer Nevi and Moles/lentigo-maligna-16.jpg,test,,Serious_Melanoma,Serious,258,Melanoma,
melanotic-macule-5.jpg,Melanoma,/Users/bhavyagopal/.cache/kagglehub/datasets/haroonalam16/20-skin-diseases-dataset/versions/1/Dataset/train/Melanoma Skin Cancer Nevi and Moles/melanotic-macule-5.jpg,train,,Serious_Melanoma,Serious,259,Melanoma,
blue-nevus-ota-7.jpg,Melanoma,/Users/bhavyagopal/.cache/kagglehub/datasets/haroonalam16/20-skin-diseases-dataset/versions/1/Dataset/train/Melanoma Skin Cancer Nevi and Moles/blue-nevus-ota-7.jpg,train,,Serious_Melanoma,Serious,260,Melanoma,
lentigo-maligna-24.jpg,Melanoma,/Users/bhavyagopal/.cache/kagglehub/datasets/haroonalam16/20-skin-diseases-dataset/versions/1/Dataset/train/Melanoma Skin Cancer Nevi and Moles/lentigo-maligna-24.jpg,train,,Serious_Melanoma,Serious,261,Melanoma,
melanotic-macule-8.jpg,Melanoma,/Users/bhavyagopal/.cache/kagglehub/datasets/haroonalam16/20-skin-diseases-dataset/versions/1/Dataset/train/Melanoma Skin Cancer Nevi and Moles/melanotic-macule-8.jpg,train,,Serious_Melanoma,Serious,262,Melanoma,
malignant-melanoma-169.jpg,Melanoma,/Users/bhavyagopal/.cache/kagglehub/datasets/haroonalam16/20-skin-diseases-dataset/versions/1/Dataset/train/Melanoma Skin Cancer Nevi and Moles/malignant-melanoma-169.jpg,train,,Serious_Melanoma,Serious,263,Melanoma,
melanotic-macule-1.jpg,Melanoma,/Users/bhavyagopal/.cache/kagglehub/datasets/haroonalam16/20-skin-diseases-dataset/versions/1/Dataset/train/Melanoma Skin Cancer Nevi and Moles/melanotic-macule-1.jpg,train,,Serious_Melanoma,Serious,264,Melanoma,
basal-cell-carcinoma-nose-24.jpg,Actinic Carcinoma,/Users/bhavyagopal/.cache/kagglehub/datasets/haroonalam16/20-skin-diseases-dataset/versions/1/Dataset/train/Actinic Keratosis Basal Cell Carcinoma and other Malignant Lesions/basal-cell-carcinoma-nose-24.jpg,train,,Serious_Actinic Carcinoma,Serious,265,Actinic Carcinoma,
basal-cell-carcinoma-lip-7.jpg,Actinic Carcinoma,/Users/bhavyagopal/.cache/kagglehub/datasets/haroonalam16/20-skin-diseases-dataset/versions/1/Dataset/train/Actinic Keratosis Basal Cell Carcinoma and other Malignant Lesions/basal-cell-carcinoma-lip-7.jpg,train,,Serious_Actinic Carcinoma,Serious,266,Actinic Carcinoma,
basal-cell-carcinoma-nose-4.jpg,Actinic Carcinoma,/Users/bhavyagopal/.cache/kagglehub/datasets/haroonalam16/20-skin-diseases-dataset/versions/1/Dataset/train/Actinic Keratosis Basal Cell Carcinoma and other Malignant Lesions/basal-cell-carcinoma-nose-4.jpg,train,,Serious_Actinic Carcinoma,Serious,267,Actinic Carcinoma,
basal-cell-carcinoma-lip-13.jpg,Actinic Carcinoma,/Users/bhavyagopal/.cache/kagglehub/datasets/haroonalam16/20-skin-diseases-dataset/versions/1/Dataset/train/Actinic Keratosis Basal Cell Carcinoma and other Malignant Lesions/basal-cell-carcinoma-lip-13.jpg,train,,Serious_Actinic Carcinoma,Serious,268,Actinic Carcinoma,
squamous-cell-carcinoma-lip-11.jpg,Actinic Carcinoma,/Users/bhavyagopal/.cache/kagglehub/datasets/haroonalam16/20-skin-diseases-dataset/versions/1/Dataset/train/Actinic Keratosis Basal Cell Carcinoma and other Malignant Lesions/squamous-cell-carcinoma-lip-11.jpg,train,,Serious_Actinic Carcinoma,Serious,269,Actinic Carcinoma,
venous-lake-4.jpg,Vascular Tumors,/Users/bhavyagopal/.cache/kagglehub/datasets/haroonalam16/20-skin-diseases-dataset/versions/1/Dataset/train/Vascular Tumors/venous-lake-4.jpg,train,,Other_Vascular Tumors,Other,270,Vascular Tumors,
hemangioma-infancy-6.jpg,Vascular Tumors,/Users/bhavyagopal/.cache/kagglehub/datasets/haroonalam16/20-skin-diseases-dataset/versions/1/Dataset/test/Vascular Tumors/hemangioma-infancy-6.jpg,test,,Other_Vascular Tumors,Other,271,Vascular Tumors,
venous-lake-49.jpg,Vascular Tumors,/Users/bhavyagopal/.cache/kagglehub/datasets/haroonalam16/20-skin-diseases-dataset/versions/1/Dataset/train/Vascular Tumors/venous-lake-49.jpg,train,,Other_Vascular Tumors,Other,272,Vascular Tumors,
pyogenic-granuloma-22.jpg,Vascular Tumors,/Users/bhavyagopal/.cache/kagglehub/datasets/haroonalam16/20-skin-diseases-dataset/versions/1/Dataset/train/Vascular Tumors/pyogenic-granuloma-22.jpg,train,,Other_Vascular Tumors,Other,273,Vascular Tumors,
hemangioma-infancy-37.jpg,Vascular Tumors,/Users/bhavyagopal/.cache/kagglehub/datasets/haroonalam16/20-skin-diseases-dataset/versions/1/Dataset/train/Vascular Tumors/hemangioma-infancy-37.jpg,train,,Other_Vascular Tumors,Other,274,Vascular Tumors,
venous-lake-37.jpg,Vascular Tumors,/Users/bhavyagopal/.cache/kagglehub/datasets/haroonalam16/20-skin-diseases-dataset/versions/1/Dataset/train/Vascular Tumors/venous-lake-37.jpg,train,,Other_Vascular Tumors,Other,275,Vascular Tumors,
venous-lake-21.jpg,Vascular Tumors,/Users/bhavyagopal/.cache/kagglehub/datasets/haroonalam16/20-skin-diseases-dataset/versions/1/Dataset/train/Vascular Tumors/venous-lake-21.jpg,train,,Other_Vascular Tumors,Other,276,Vascular Tumors,
venous-lake-15.jpg,Vascular Tumors,/Users/bhavyagopal/.cache/kagglehub/datasets/haroonalam16/20-skin-diseases-dataset/versions/1/Dataset/test/Vascular Tumors/venous-lake-15.jpg,test,,Other_Vascular Tumors,Other,277,Vascular Tumors,
venous-malformations-49.jpg,Vascular Tumors,/Users/bhavyagopal/.cache/kagglehub/datasets/haroonalam16/20-skin-diseases-dataset/versions/1/Dataset/test/Vascular Tumors/venous-malformations-49.jpg,test,,Other_Vascular Tumors,Other,278,Vascular Tumors,
telangiectasias-51.jpg,Vascular Tumors,/Users/bhavyagopal/.cache/kagglehub/datasets/haroonalam16/20-skin-diseases-dataset/versions/1/Dataset/train/Vascular Tumors/telangiectasias-51.jpg,train,,Other_Vascular Tumors,Other,279,Vascular Tumors,
lupus-chronic-cutaneous-63.jpg,Lupus,/Users/bhavyagopal/.cache/kagglehub/datasets/haroonalam16/20-skin-diseases-dataset/versions/1/Dataset/train/Lupus and other Connective Tissue diseases/lupus-chronic-cutaneous-63.jpg,train,,Other_Lupus,Other,280,Lupus,
lupus-chronic-cutaneous-54.jpg,Lupus,/Users/bhavyagopal/.cache/kagglehub/datasets/haroonalam16/20-skin-diseases-dataset/versions/1/Dataset/train/Lupus and other Connective Tissue diseases/lupus-chronic-cutaneous-54.jpg,train,,Other_Lupus,Other,281,Lupus,
lupus-acute-52.jpg,Lupus,/Users/bhavyagopal/.cache/kagglehub/datasets/haroonalam16/20-skin-diseases-dataset/versions/1/Dataset/train/Lupus and other Connective Tissue diseases/lupus-acute-52.jpg,train,,Other_Lupus,Other,282,Lupus,
lupus-chronic-cutaneous-104.jpg,Lupus,/Users/bhavyagopal/.cache/kagglehub/datasets/haroonalam16/20-skin-diseases-dataset/versions/1/Dataset/train/Lupus and other Connective Tissue diseases/lupus-chronic-cutaneous-104.jpg,train,,Other_Lupus,Other,283,Lupus,
crest-syndrome-3.jpg,Lupus,/Users/bhavyagopal/.cache/kagglehub/datasets/haroonalam16/20-skin-diseases-dataset/versions/1/Dataset/train/Lupus and other Connective Tissue diseases/crest-syndrome-3.jpg,train,,Other_Lupus,Other,284,Lupus,
scleroderma-31.jpg,Lupus,/Users/bhavyagopal/.cache/kagglehub/datasets/haroonalam16/20-skin-diseases-dataset/versions/1/Dataset/train/Lupus and other Connective Tissue diseases/scleroderma-31.jpg,train,,Other_Lupus,Other,285,Lupus,
lupus-chronic-cutaneous-110.jpg,Lupus,/Users/bhavyagopal/.cache/kagglehub/datasets/haroonalam16/20-skin-diseases-dataset/versions/1/Dataset/train/Lupus and other Connective Tissue diseases/lupus-chronic-cutaneous-110.jpg,train,,Other_Lupus,Other,286,Lupus,
lupus-chronic-cutaneous-10.jpg,Lupus,/Users/bhavyagopal/.cache/kagglehub/datasets/haroonalam16/20-skin-diseases-dataset/versions/1/Dataset/train/Lupus and other Connective Tissue diseases/lupus-chronic-cutaneous-10.jpg,train,,Other_Lupus,Other,287,Lupus,
lupus-acute-51.jpg,Lupus,/Users/bhavyagopal/.cache/kagglehub/datasets/haroonalam16/20-skin-diseases-dataset/versions/1/Dataset/train/Lupus and other Connective Tissue diseases/lupus-acute-51.jpg,train,,Other_Lupus,Other,288,Lupus,
lupus-acute-19.jpg,Lupus,/Users/bhavyagopal/.cache/kagglehub/datasets/haroonalam16/20-skin-diseases-dataset/versions/1/Dataset/train/Lupus and other Connective Tissue diseases/lupus-acute-19.jpg,train,,Other_Lupus,Other,289,Lupus,
actinic-comedones-15.jpg,Light Diseases,/Users/bhavyagopal/.cache/kagglehub/datasets/haroonalam16/20-skin-diseases-dataset/versions/1/Dataset/train/Light Diseases and Disorders of Pigmentation/actinic-comedones-15.jpg,train,,Other_Light Diseases,Other,290,Light Diseases,
lentigo-adults-72.jpg,Light Diseases,/Users/bhavyagopal/.cache/kagglehub/datasets/haroonalam16/20-skin-diseases-dataset/versions/1/Dataset/train/Light Diseases and Disorders of Pigmentation/lentigo-adults-72.jpg,train,,Other_Light Diseases,Other,291,Light Diseases,
lentigo-adults-68.jpg,Light Diseases,/Users/bhavyagopal/.cache/kagglehub/datasets/haroonalam16/20-skin-diseases-dataset/versions/1/Dataset/train/Light Diseases and Disorders of Pigmentation/lentigo-adults-68.jpg,train,,Other_Light Diseases,Other,292,Light Diseases,
melasma-19.jpg,Light Diseases,/Users/bhavyagopal/.cache/kagglehub/datasets/haroonalam16/20-skin-diseases-dataset/versions/1/Dataset/train/Light Diseases and Disorders of Pigmentation/melasma-19.jpg,train,,Other_Light Diseases,Other,293,Light Diseases,
lentigo-adults-52.jpg,Light Diseases,/Users/bhavyagopal/.cache/kagglehub/datasets/haroonalam16/20-skin-diseases-dataset/versions/1/Dataset/train/Light Diseases and Disorders of Pigmentation/lentigo-adults-52.jpg,train,,Other_Light Diseases,Other,294,Light Diseases,
tuberous-sclerosis-17.jpg,Systemic Disease,/Users/bhavyagopal/.cache/kagglehub/datasets/haroonalam16/20-skin-diseases-dataset/versions/1/Dataset/train/Systemic Disease/tuberous-sclerosis-17.jpg,train,,Other_Systemic Disease,Other,295,Systemic Disease,
bechet-1.jpg,Systemic Disease,/Users/bhavyagopal/.cache/kagglehub/datasets/haroonalam16/20-skin-diseases-dataset/versions/1/Dataset/train/Systemic Disease/bechet-1.jpg,train,,Other_Systemic Disease,Other,296,Systemic Disease,
neurofibromatosis-45.jpg,Systemic Disease,/Users/bhavyagopal/.cache/kagglehub/datasets/haroonalam16/20-skin-diseases-dataset/versions/1/Dataset/train/Systemic Disease/neurofibromatosis-45.jpg,train,,Other_Systemic Disease,Other,297,Systemic Disease,
tuberous-sclerosis-30.jpg,Systemic Disease,/Users/bhavyagopal/.cache/kagglehub/datasets/haroonalam16/20-skin-diseases-dataset/versions/1/Dataset/test/Systemic Disease/tuberous-sclerosis-30.jpg,test,,Other_Systemic Disease,Other,298,Systemic Disease,
26birtHogDube1122042.jpg,Systemic Disease,/Users/bhavyagopal/.cache/kagglehub/datasets/haroonalam16/20-skin-diseases-dataset/versions/1/Dataset/train/Systemic Disease/26birtHogDube1122042.jpg,train,,Other_Systemic Disease,Other,299,Systemic Disease,
